-- phpMyAdmin SQL Dump
-- version 5.2.0
-- https://www.phpmyadmin.net/
--
-- Servidor: 127.0.0.1
-- Tiempo de generación: 06-01-2023 a las 20:01:01
-- Versión del servidor: 10.4.24-MariaDB
-- Versión de PHP: 8.1.6

SET SQL_MODE = "NO_AUTO_VALUE_ON_ZERO";
START TRANSACTION;
SET time_zone = "+00:00";


/*!40101 SET @OLD_CHARACTER_SET_CLIENT=@@CHARACTER_SET_CLIENT */;
/*!40101 SET @OLD_CHARACTER_SET_RESULTS=@@CHARACTER_SET_RESULTS */;
/*!40101 SET @OLD_COLLATION_CONNECTION=@@COLLATION_CONNECTION */;
/*!40101 SET NAMES utf8mb4 */;

--
-- Base de datos: `bd_centrosalud`
--

-- --------------------------------------------------------

--
-- Estructura de tabla para la tabla `abastecer`
--

CREATE TABLE `abastecer` (
  `id` int(11) NOT NULL,
  `usuarios_id` int(11) DEFAULT NULL,
  `proveedores_id` int(11) DEFAULT NULL,
  `serie` varchar(50) DEFAULT NULL,
  `fecha` date DEFAULT NULL,
  `estado` char(1) DEFAULT NULL
) ENGINE=InnoDB DEFAULT CHARSET=utf8mb4;

--
-- Volcado de datos para la tabla `abastecer`
--

INSERT INTO `abastecer` (`id`, `usuarios_id`, `proveedores_id`, `serie`, `fecha`, `estado`) VALUES
(1, 1, 1, 'fa95b3', '2022-06-05', 'A'),
(2, 1, 3, 'bcd84b', '2022-06-05', 'A'),
(3, 1, 1, '3ce380', '2022-06-05', 'A'),
(4, 1, 1, 'd3e4e6', '2022-06-05', 'A'),
(6, 1, 1, '26a515', '2022-06-05', 'A'),
(7, 1, 1, '877dbe', '2022-06-05', 'A'),
(8, 1, 3, '6852f5', '2022-12-06', 'A'),
(9, 1, 1, '081ec0', '2022-06-01', 'A'),
(10, 1, 1, 'eb3396', '2022-06-01', 'A'),
(11, 1, 1, 'b62409', '2022-06-12', 'A'),
(12, 1, 1, '487a7e', '2022-06-14', 'A'),
(13, 1, 1, 'fe18b3', '2022-06-15', 'A'),
(14, 1, 1, '94e708', '2022-06-15', 'A'),
(15, 1, 1, 'b64b61', '2022-06-15', 'A'),
(16, 1, 1, 'ac91f9', '2022-06-15', 'A'),
(17, 1, 1, '50fc14', '2022-06-15', 'A');

-- --------------------------------------------------------

--
-- Estructura de tabla para la tabla `aplicar_vacuna`
--

CREATE TABLE `aplicar_vacuna` (
  `id` int(11) NOT NULL,
  `enfermero_id` int(11) DEFAULT NULL,
  `campania_id` int(11) DEFAULT NULL,
  `pacientes_id` int(11) DEFAULT NULL,
  `total_vacuna` int(11) DEFAULT NULL,
  `total_aplicadas` int(11) DEFAULT NULL,
  `total_restante` int(11) DEFAULT NULL,
  `fecha` date DEFAULT NULL,
  `hora` time DEFAULT NULL,
  `estado` char(1) DEFAULT NULL,
  `created_at` timestamp NULL DEFAULT NULL,
  `updated_at` timestamp NULL DEFAULT NULL
) ENGINE=InnoDB DEFAULT CHARSET=utf8mb4;

--
-- Volcado de datos para la tabla `aplicar_vacuna`
--

INSERT INTO `aplicar_vacuna` (`id`, `enfermero_id`, `campania_id`, `pacientes_id`, `total_vacuna`, `total_aplicadas`, `total_restante`, `fecha`, `hora`, `estado`, `created_at`, `updated_at`) VALUES
(1, 1, 1, 3, 100, 1, 99, '2022-06-18', '08:50:00', 'A', '2022-06-18 22:54:30', '2022-06-18 22:54:30'),
(2, 1, 1, 11, 100, 1, 98, '2022-06-18', '14:00:00', 'A', '2022-06-18 23:39:07', '2022-12-08 23:39:07'),
(3, 1, 1, 39, 100, 1, 97, '2022-06-18', '14:02:00', 'A', '2022-06-18 17:29:33', '2022-06-18 17:29:33'),
(4, 1, 1, 66, 100, 1, 96, '2022-06-18', '14:05:00', 'A', '2022-06-18 17:31:09', '2022-06-18 17:31:09'),
(5, 1, 1, 62, 100, 1, 95, '2022-06-18', '14:10:00', 'A', '2022-06-18 17:38:15', '2022-06-18 17:38:15'),
(6, 1, 1, 2, 100, 1, 94, '2022-06-18', '14:20:00', 'A', '2022-06-18 17:38:58', '2022-06-18 17:38:58'),
(7, 1, 1, 65, 100, 1, 93, '2022-06-18', '14:22:00', 'A', '2022-06-18 17:47:11', '2022-06-18 17:47:11'),
(8, 1, 1, 82, 100, 1, 92, '2022-06-18', '14:25:00', 'A', '2022-06-18 17:47:29', '2022-06-18 17:47:29'),
(9, 1, 1, 32, 100, 1, 91, '2022-06-18', '14:50:00', 'A', '2022-06-18 17:47:41', '2022-06-18 17:47:41'),
(10, 1, 1, 83, 100, 1, 90, '2022-06-18', '15:00:00', 'A', '2022-06-18 17:47:54', '2022-06-18 17:47:54'),
(11, 1, 1, 27, 100, 1, 89, '2022-06-18', '15:02:00', 'A', '2022-06-18 17:48:03', '2022-06-18 17:48:03'),
(12, 1, 1, 84, 100, 1, 88, '2022-06-18', '15:10:00', 'A', '2022-06-18 17:48:44', '2022-06-18 17:48:44'),
(13, 1, 1, 46, 100, 1, 87, '2022-06-18', '15:20:00', 'A', '2022-06-18 17:48:55', '2022-06-18 17:48:55'),
(14, 1, 1, 55, 100, 1, 86, '2022-06-18', '15:30:00', 'A', '2022-06-18 17:54:21', '2022-06-18 17:54:21'),
(15, 1, 1, 43, 100, 1, 85, '2022-06-18', '16:00:00', 'A', '2022-06-18 17:54:31', '2022-06-18 17:54:31');

-- --------------------------------------------------------

--
-- Estructura de tabla para la tabla `barrios`
--

CREATE TABLE `barrios` (
  `id` int(11) NOT NULL,
  `parroquias_id` int(11) DEFAULT NULL,
  `nombre_barrio` varchar(50) DEFAULT NULL,
  `estado` char(1) DEFAULT NULL
) ENGINE=InnoDB DEFAULT CHARSET=utf8mb4;

--
-- Volcado de datos para la tabla `barrios`
--

INSERT INTO `barrios` (`id`, `parroquias_id`, `nombre_barrio`, `estado`) VALUES
(1, 14, 'Chipipe', 'A'),
(2, 14, 'Milagro', 'A'),
(3, 11, 'Centenario', 'A'),
(4, 11, 'Muey', 'A'),
(5, 11, 'Paraiso', 'A'),
(6, 11, 'Brisas del Mar', 'A'),
(7, 11, 'Arena y Sol', 'A'),
(8, 11, '6 de Junio', 'A'),
(9, 11, '9 de Octubre', 'A'),
(10, 11, 'Santa Paula', 'A'),
(11, 11, 'Carolina', 'A'),
(12, 11, 'Vinicio Yagual 1', 'A'),
(13, 11, 'Vinicio Yagual 2', 'A'),
(14, 11, 'Nicolas Lapenti', 'A'),
(15, 11, 'Vicente Rocafuerte', 'A'),
(16, 11, 'Febres Cordero', 'A'),
(17, 11, '23 de Enero', 'A'),
(18, 9, 'Pueblo Nuevo', 'A');

-- --------------------------------------------------------

--
-- Estructura de tabla para la tabla `campania`
--

CREATE TABLE `campania` (
  `id` int(11) NOT NULL,
  `nombre` varchar(50) DEFAULT NULL,
  `provincia_id` int(11) DEFAULT NULL,
  `cantones_id` int(11) DEFAULT NULL,
  `parroquias_id` int(11) DEFAULT NULL,
  `barrios_id` int(11) DEFAULT NULL,
  `intervalo_edad_id` int(11) DEFAULT NULL,
  `fecha` date DEFAULT NULL,
  `asignacion` char(1) DEFAULT NULL,
  `estado` char(1) DEFAULT NULL
) ENGINE=InnoDB DEFAULT CHARSET=utf8mb4;

--
-- Volcado de datos para la tabla `campania`
--

INSERT INTO `campania` (`id`, `nombre`, `provincia_id`, `cantones_id`, `parroquias_id`, `barrios_id`, `intervalo_edad_id`, `fecha`, `asignacion`, `estado`) VALUES
(1, 'COVID 19', 1, 1, 14, 1, 6, '2022-06-25', 'S', 'A');

-- --------------------------------------------------------

--
-- Estructura de tabla para la tabla `campania_enfermero`
--

CREATE TABLE `campania_enfermero` (
  `id` int(11) NOT NULL,
  `campania_id` int(11) DEFAULT NULL,
  `enfermero_id` int(11) DEFAULT NULL,
  `active` char(1) DEFAULT NULL,
  `estado` char(1) DEFAULT NULL
) ENGINE=InnoDB DEFAULT CHARSET=utf8mb4;

--
-- Volcado de datos para la tabla `campania_enfermero`
--

INSERT INTO `campania_enfermero` (`id`, `campania_id`, `enfermero_id`, `active`, `estado`) VALUES
(1, 1, 1, 'N', 'A'),
(2, 1, 2, 'N', 'A');

-- --------------------------------------------------------

--
-- Estructura de tabla para la tabla `cantones`
--

CREATE TABLE `cantones` (
  `id` int(11) NOT NULL,
  `provincia_id` int(11) DEFAULT NULL,
  `nombre_canton` varchar(50) DEFAULT NULL,
  `estado` char(1) DEFAULT NULL
) ENGINE=InnoDB DEFAULT CHARSET=utf8mb4;

--
-- Volcado de datos para la tabla `cantones`
--

INSERT INTO `cantones` (`id`, `provincia_id`, `nombre_canton`, `estado`) VALUES
(1, 1, 'Salinas', 'A'),
(2, 1, 'La Libertad', 'I'),
(3, 1, 'Santa Elena', 'I');

-- --------------------------------------------------------

--
-- Estructura de tabla para la tabla `categorias`
--

CREATE TABLE `categorias` (
  `id` int(11) NOT NULL,
  `categoria` varchar(50) DEFAULT NULL,
  `estado` char(1) DEFAULT NULL
) ENGINE=InnoDB DEFAULT CHARSET=utf8mb4;

--
-- Volcado de datos para la tabla `categorias`
--

INSERT INTO `categorias` (`id`, `categoria`, `estado`) VALUES
(1, 'Analgesico', 'A'),
(2, 'Ortopedia', 'A'),
(4, 'Anestesico', 'A'),
(5, 'Antibiotico', 'A'),
(6, 'Anticonceptivo', 'A'),
(7, 'Antiflamatorios', 'A'),
(8, 'Vitaminas', 'A'),
(9, 'Antihistamínico', 'A'),
(10, 'Anticonvulsivantes', 'A');

-- --------------------------------------------------------

--
-- Estructura de tabla para la tabla `citas`
--

CREATE TABLE `citas` (
  `id` int(11) NOT NULL,
  `usuarios_id` int(11) DEFAULT NULL,
  `doctores_id` int(11) DEFAULT NULL,
  `horario_id` int(11) DEFAULT NULL,
  `especialidad_id` int(11) DEFAULT NULL,
  `pacientes_id` int(11) DEFAULT NULL,
  `estado_cita_id` int(11) DEFAULT NULL,
  `escala_satisfacion_id` int(11) DEFAULT NULL,
  `fecha` date DEFAULT NULL,
  `h_entrada` time DEFAULT NULL,
  `h_salida` time DEFAULT NULL,
  `estado` char(1) DEFAULT NULL
) ENGINE=InnoDB DEFAULT CHARSET=utf8mb4;

--
-- Volcado de datos para la tabla `citas`
--

INSERT INTO `citas` (`id`, `usuarios_id`, `doctores_id`, `horario_id`, `especialidad_id`, `pacientes_id`, `estado_cita_id`, `escala_satisfacion_id`, `fecha`, `h_entrada`, `h_salida`, `estado`) VALUES
(1, 3, 1, 1, 2, 5, 4, 5, '2022-06-06', '07:01:00', '07:33:00', 'A'),
(2, 3, 1, 2, 2, 16, 4, 4, '2022-06-06', '07:34:00', '08:01:00', 'A'),
(3, 3, 1, 3, 2, 12, 4, 5, '2022-06-06', '08:01:00', '08:30:00', 'A'),
(4, 3, 1, 4, 2, 10, 4, 1, '2022-06-06', '08:30:00', '08:58:00', 'A'),
(5, 3, 1, 5, 2, 22, 4, 4, '2022-06-06', '09:00:00', '09:33:00', 'A'),
(6, 3, 1, 6, 2, 24, 3, 1, '2022-06-06', NULL, NULL, 'A'),
(7, 3, 1, 7, 2, 11, 4, 4, '2022-06-06', '09:52:00', '10:23:00', 'A'),
(8, 3, 1, 10, 2, 9, 4, 5, '2022-06-06', '11:33:00', '12:01:00', 'A'),
(9, 3, 1, 9, 2, 30, 4, 5, '2022-06-06', '11:00:00', '11:31:00', 'A'),
(10, 3, 1, 12, 2, 44, 4, 3, '2022-06-07', '13:00:00', '13:32:00', 'A'),
(11, 3, 1, 15, 2, 47, 4, 4, '2022-06-07', '14:31:00', '14:59:00', 'A'),
(12, 3, 1, 17, 2, 42, 3, 3, '2022-06-07', '15:33:00', '16:01:00', 'A'),
(13, 3, 1, 14, 2, 26, 4, 3, '2022-06-07', '14:00:00', '14:30:00', 'A'),
(14, 3, 1, 19, 2, 12, 3, 1, '2022-06-07', NULL, NULL, 'A'),
(15, 3, 1, 23, 2, 38, 4, 5, '2022-06-08', '08:01:00', '08:32:00', 'A'),
(16, 3, 1, 24, 2, 50, 4, 5, '2022-06-08', '08:33:00', '09:00:00', 'A'),
(17, 3, 1, 29, 2, 48, 4, 5, '2022-06-08', '10:30:00', '11:05:00', 'A'),
(18, 3, 2, 190, 5, 13, 4, 5, '2022-06-08', '13:02:00', '13:58:00', 'A'),
(19, 3, 2, 191, 5, 21, 4, 5, '2022-06-08', '14:03:00', '15:00:00', 'A'),
(20, 3, 2, 192, 5, 27, 4, 5, '2022-06-08', '15:02:00', '16:01:00', 'A'),
(21, 3, 2, 193, 5, 41, 4, 5, '2022-06-08', '16:04:00', '17:03:00', 'A'),
(22, 3, 3, 194, 8, 16, 4, 4, '2022-06-09', '08:04:00', '09:01:00', 'A'),
(23, 3, 3, 196, 8, 26, 4, 4, '2022-06-09', '10:00:00', '10:55:00', 'A'),
(24, 3, 3, 197, 8, 39, 4, 4, '2022-06-09', '11:01:00', '12:02:00', 'A'),
(25, 3, 3, 198, 8, 41, 4, 3, '2022-06-09', '12:03:00', '13:00:00', 'A'),
(26, 3, 1, 45, 2, 17, 4, 6, '2022-06-10', '09:00:00', '09:31:00', 'A'),
(27, 3, 1, 49, 2, 27, 4, 6, '2022-06-10', '11:01:00', '11:32:00', 'A'),
(28, 3, 1, 53, 2, 49, 4, 5, '2022-06-11', '07:29:00', '07:58:00', 'A'),
(29, 3, 1, 56, 2, 55, 4, 6, '2022-06-11', '09:01:00', '09:32:00', 'A'),
(30, 3, 1, 60, 2, 61, 4, 6, '2022-06-11', '11:00:00', '11:30:00', 'A'),
(31, 3, 1, 61, 2, 60, 4, 2, '2022-06-11', '11:32:00', '12:01:00', 'A'),
(35, 3, 1, 63, 2, 40, 4, 5, '2022-06-13', '07:01:00', '08:02:00', 'A'),
(36, 3, 1, 64, 2, 63, 4, 4, '2022-06-13', '08:03:00', '09:00:00', 'A'),
(37, 3, 1, 66, 2, 62, 3, 1, '2022-06-13', NULL, NULL, 'A'),
(38, 3, 1, 67, 2, 60, 4, 6, '2022-06-13', '11:02:00', '12:05:00', 'A'),
(39, 3, 1, 69, 2, 47, 4, 1, '2022-06-14', '13:02:00', '14:01:00', 'A'),
(40, 3, 1, 70, 2, 54, 4, 3, '2022-06-14', '14:02:00', '15:02:00', 'A'),
(41, 3, 1, 71, 2, 71, 4, 5, '2022-06-14', '15:03:00', '16:05:00', 'A'),
(42, 3, 1, 72, 2, 50, 4, 6, '2022-06-14', '16:06:00', '16:59:00', 'A'),
(43, 3, 1, 75, 2, 79, 4, 5, '2022-06-15', '08:02:00', '09:04:00', 'A'),
(44, 3, 1, 76, 2, 78, 4, 3, '2022-06-15', '09:05:00', '10:01:00', 'A'),
(45, 3, 1, 77, 2, 77, 3, 1, '2022-06-15', NULL, NULL, 'A'),
(46, 3, 1, 78, 2, 76, 4, 4, '2022-06-15', '11:02:00', '12:02:00', 'A'),
(47, 3, 1, 91, 2, 43, 4, 4, '2022-06-16', '14:01:00', '15:00:00', 'A'),
(48, 3, 1, 93, 2, 77, 4, 1, '2022-06-16', '16:02:00', '17:03:00', 'A'),
(49, 3, 1, 95, 2, 2, 4, 5, '2022-06-17', '13:01:00', '14:02:00', 'A'),
(50, 3, 1, 98, 2, 4, 4, 1, '2022-06-17', '14:03:00', '15:01:00', 'A'),
(51, 3, 1, 100, 2, 7, 4, 3, '2022-06-17', '15:02:00', '16:01:00', 'A'),
(52, 3, 1, 126, 2, 15, 4, 4, '2022-06-18', '08:03:00', '09:01:00', 'A'),
(53, 3, 1, 128, 2, 20, 4, 1, '2022-06-18', '10:00:00', '10:59:00', 'A'),
(54, 3, 1, 129, 2, 14, 4, 6, '2022-06-18', '11:02:00', '12:04:00', 'A');

-- --------------------------------------------------------

--
-- Estructura de tabla para la tabla `codigos`
--

CREATE TABLE `codigos` (
  `id` int(11) NOT NULL,
  `codigo` varchar(25) DEFAULT NULL,
  `tipo` varchar(35) DEFAULT NULL,
  `estado` char(1) DEFAULT NULL
) ENGINE=InnoDB DEFAULT CHARSET=utf8mb4;

--
-- Volcado de datos para la tabla `codigos`
--

INSERT INTO `codigos` (`id`, `codigo`, `tipo`, `estado`) VALUES
(7, 'P0001', 'productos', 'A'),
(8, 'P0002', 'productos', 'A'),
(9, 'P0003', 'productos', 'A'),
(10, 'P0004', 'productos', 'A'),
(11, 'P0005', 'productos', 'A'),
(12, 'P0006', 'productos', 'A'),
(13, 'P0007', 'productos', 'A'),
(14, 'P0008', 'productos', 'A'),
(15, 'P0009', 'productos', 'A'),
(16, 'P00010', 'productos', 'A'),
(17, 'P00011', 'productos', 'A'),
(18, 'P00012', 'productos', 'A'),
(19, 'P00013', 'productos', 'A'),
(20, 'P00014', 'productos', 'A'),
(21, 'P00015', 'productos', 'A'),
(22, 'P00016', 'productos', 'A'),
(23, 'P00017', 'productos', 'A'),
(24, 'P00018', 'productos', 'A');

-- --------------------------------------------------------

--
-- Estructura de tabla para la tabla `detalle_abastecer`
--

CREATE TABLE `detalle_abastecer` (
  `id` int(11) NOT NULL,
  `abastecer_id` int(11) DEFAULT NULL,
  `productos_id` int(11) DEFAULT NULL,
  `cantidad` int(11) DEFAULT NULL
) ENGINE=InnoDB DEFAULT CHARSET=utf8mb4;

--
-- Volcado de datos para la tabla `detalle_abastecer`
--

INSERT INTO `detalle_abastecer` (`id`, `abastecer_id`, `productos_id`, `cantidad`) VALUES
(1, 1, 7, 1000),
(2, 2, 11, 2000),
(3, 3, 14, 10000),
(4, 4, 13, 50),
(5, 6, 8, 5000),
(6, 7, 13, 50),
(7, 8, 13, 100),
(8, 9, 15, 2000),
(9, 10, 16, 5000),
(10, 11, 13, 500),
(11, 12, 17, 3000),
(12, 13, 18, 7000),
(13, 14, 19, 4000),
(14, 15, 20, 3000),
(15, 16, 21, 7000),
(16, 17, 22, 2000);

-- --------------------------------------------------------

--
-- Estructura de tabla para la tabla `detalle_campania`
--

CREATE TABLE `detalle_campania` (
  `id` int(11) NOT NULL,
  `campania_id` int(11) DEFAULT NULL,
  `productos_id` int(11) DEFAULT NULL,
  `cantidad` int(11) DEFAULT NULL
) ENGINE=InnoDB DEFAULT CHARSET=utf8mb4;

--
-- Volcado de datos para la tabla `detalle_campania`
--

INSERT INTO `detalle_campania` (`id`, `campania_id`, `productos_id`, `cantidad`) VALUES
(1, 1, 11, 100);

-- --------------------------------------------------------

--
-- Estructura de tabla para la tabla `detalle_receta`
--

CREATE TABLE `detalle_receta` (
  `id` int(11) NOT NULL,
  `recetas_id` int(11) DEFAULT NULL,
  `productos_id` int(11) DEFAULT NULL,
  `cantidad` int(11) DEFAULT NULL
) ENGINE=InnoDB DEFAULT CHARSET=utf8mb4;

--
-- Volcado de datos para la tabla `detalle_receta`
--

INSERT INTO `detalle_receta` (`id`, `recetas_id`, `productos_id`, `cantidad`) VALUES
(1, 1, 13, 6),
(2, 2, 7, 12),
(3, 3, 13, 8),
(4, 4, 13, 6),
(5, 5, 13, 6),
(6, 6, 13, 4),
(7, 7, 13, 6),
(8, 8, 13, 6),
(13, 14, 13, 5),
(14, 16, 13, 3),
(15, 17, 13, 6),
(16, 18, 13, 8),
(17, 19, 13, 6),
(18, 20, 7, 6),
(19, 20, 13, 5),
(20, 21, 15, 12),
(21, 22, 15, 6),
(22, 23, 15, 10),
(23, 24, 15, 12),
(24, 24, 14, 12),
(25, 25, 16, 12),
(26, 26, 16, 24),
(27, 27, 16, 12),
(28, 28, 16, 36),
(54, 46, 8, 12),
(55, 47, 8, 6),
(56, 47, 13, 7),
(57, 53, 14, 12),
(58, 53, 13, 20),
(59, 55, 13, 6),
(60, 58, 13, 6),
(61, 60, 13, 8),
(65, 63, 13, 12),
(66, 64, 14, 6),
(67, 64, 13, 4),
(68, 65, 13, 6),
(69, 66, 7, 6),
(70, 67, 13, 6),
(71, 68, 13, 12),
(72, 69, 15, 12),
(73, 69, 14, 6),
(74, 70, 17, 6),
(75, 71, 14, 12),
(76, 71, 17, 6),
(77, 72, 7, 6),
(78, 72, 13, 6),
(79, 73, 17, 12),
(80, 74, 14, 12),
(81, 75, 13, 6),
(82, 76, 17, 12),
(83, 77, 7, 6),
(84, 78, 14, 4),
(85, 78, 13, 2),
(86, 78, 17, 6),
(87, 79, 7, 4),
(88, 79, 13, 4),
(89, 80, 7, 12);

-- --------------------------------------------------------

--
-- Estructura de tabla para la tabla `doctores`
--

CREATE TABLE `doctores` (
  `id` int(11) NOT NULL,
  `personas_id` int(11) DEFAULT NULL,
  `estado` char(1) DEFAULT NULL
) ENGINE=InnoDB DEFAULT CHARSET=utf8mb4;

--
-- Volcado de datos para la tabla `doctores`
--

INSERT INTO `doctores` (`id`, `personas_id`, `estado`) VALUES
(1, 4, 'A'),
(2, 5, 'A'),
(3, 8, 'A'),
(4, 7, 'A'),
(5, 9, 'A'),
(6, 10, 'A'),
(7, 20, 'A');

-- --------------------------------------------------------

--
-- Estructura de tabla para la tabla `doctores_especialidad`
--

CREATE TABLE `doctores_especialidad` (
  `id` int(11) NOT NULL,
  `doctores_id` int(11) DEFAULT NULL,
  `especialidad_id` int(11) DEFAULT NULL,
  `estado` char(1) NOT NULL
) ENGINE=InnoDB DEFAULT CHARSET=utf8mb4;

--
-- Volcado de datos para la tabla `doctores_especialidad`
--

INSERT INTO `doctores_especialidad` (`id`, `doctores_id`, `especialidad_id`, `estado`) VALUES
(10, 1, 2, 'A'),
(11, 2, 5, 'A'),
(12, 5, 3, 'A'),
(13, 3, 8, 'A');

-- --------------------------------------------------------

--
-- Estructura de tabla para la tabla `doctor_horario`
--

CREATE TABLE `doctor_horario` (
  `id` int(11) NOT NULL,
  `doctores_id` int(11) DEFAULT NULL,
  `horario_id` int(11) DEFAULT NULL,
  `estado` char(1) DEFAULT NULL
) ENGINE=InnoDB DEFAULT CHARSET=utf8mb4;

--
-- Volcado de datos para la tabla `doctor_horario`
--

INSERT INTO `doctor_horario` (`id`, `doctores_id`, `horario_id`, `estado`) VALUES
(1, 1, 1, 'A'),
(2, 1, 2, 'A'),
(3, 1, 3, 'A'),
(4, 1, 4, 'A'),
(5, 1, 5, 'A'),
(6, 1, 6, 'A'),
(7, 1, 7, 'A'),
(8, 1, 8, 'A'),
(9, 1, 9, 'A'),
(10, 1, 10, 'A'),
(11, 1, 11, 'A'),
(12, 1, 12, 'A'),
(13, 1, 13, 'A'),
(14, 1, 14, 'A'),
(15, 1, 15, 'A'),
(16, 1, 16, 'A'),
(17, 1, 17, 'A'),
(18, 1, 18, 'A'),
(19, 1, 19, 'A'),
(20, 1, 20, 'A'),
(23, 1, 23, 'A'),
(24, 1, 24, 'A'),
(29, 1, 29, 'A'),
(32, 1, 32, 'A'),
(33, 1, 33, 'A'),
(34, 1, 34, 'A'),
(35, 1, 35, 'A'),
(36, 1, 36, 'A'),
(37, 1, 37, 'A'),
(38, 1, 38, 'A'),
(39, 1, 39, 'A'),
(41, 1, 41, 'A'),
(42, 1, 42, 'A'),
(43, 1, 43, 'A'),
(44, 1, 44, 'A'),
(45, 1, 45, 'A'),
(46, 1, 46, 'A'),
(47, 1, 47, 'A'),
(48, 1, 48, 'A'),
(49, 1, 49, 'A'),
(50, 1, 50, 'A'),
(52, 1, 52, 'A'),
(53, 1, 53, 'A'),
(54, 1, 54, 'A'),
(55, 1, 55, 'A'),
(56, 1, 56, 'A'),
(57, 1, 57, 'A'),
(58, 1, 58, 'A'),
(59, 1, 59, 'A'),
(60, 1, 60, 'A'),
(61, 1, 61, 'A'),
(63, 1, 63, 'A'),
(64, 1, 64, 'A'),
(65, 1, 65, 'A'),
(66, 1, 66, 'A'),
(67, 1, 67, 'A'),
(69, 1, 69, 'A'),
(70, 1, 70, 'A'),
(71, 1, 71, 'A'),
(72, 1, 72, 'A'),
(74, 1, 74, 'A'),
(75, 1, 75, 'A'),
(76, 1, 76, 'A'),
(77, 1, 77, 'A'),
(78, 1, 78, 'A'),
(80, 1, 80, 'A'),
(81, 1, 81, 'A'),
(82, 1, 82, 'A'),
(83, 1, 83, 'A'),
(90, 1, 90, 'A'),
(91, 1, 91, 'A'),
(92, 1, 92, 'A'),
(93, 1, 93, 'A'),
(95, 1, 95, 'A'),
(97, 1, 98, 'A'),
(98, 1, 100, 'A'),
(106, 1, 103, 'A'),
(125, 1, 125, 'A'),
(126, 1, 126, 'A'),
(127, 1, 127, 'A'),
(128, 1, 128, 'A'),
(129, 1, 129, 'A'),
(131, 1, 131, 'A'),
(132, 1, 132, 'A'),
(133, 1, 133, 'A'),
(134, 1, 134, 'A'),
(135, 1, 135, 'A'),
(136, 1, 136, 'A'),
(137, 1, 137, 'A'),
(138, 1, 138, 'A'),
(139, 1, 139, 'A'),
(140, 1, 140, 'A'),
(142, 1, 142, 'A'),
(143, 1, 143, 'A'),
(144, 1, 144, 'A'),
(145, 1, 145, 'A'),
(146, 1, 146, 'A'),
(147, 1, 147, 'A'),
(148, 1, 148, 'A'),
(149, 1, 149, 'A'),
(151, 1, 151, 'A'),
(152, 1, 152, 'A'),
(153, 1, 153, 'A'),
(154, 1, 154, 'A'),
(155, 1, 155, 'A'),
(157, 1, 157, 'A'),
(158, 1, 158, 'A'),
(159, 1, 159, 'A'),
(160, 1, 160, 'A'),
(162, 1, 162, 'A'),
(163, 1, 163, 'A'),
(164, 1, 164, 'A'),
(165, 1, 165, 'A'),
(166, 1, 166, 'A'),
(168, 1, 168, 'A'),
(169, 1, 169, 'A'),
(170, 1, 170, 'A'),
(171, 1, 171, 'A'),
(172, 1, 172, 'A'),
(174, 1, 174, 'A'),
(175, 1, 175, 'A'),
(176, 1, 176, 'A'),
(177, 1, 177, 'A'),
(178, 1, 178, 'A'),
(180, 1, 180, 'A'),
(181, 1, 181, 'A'),
(182, 1, 182, 'A'),
(183, 1, 183, 'A'),
(185, 1, 185, 'A'),
(186, 1, 186, 'A'),
(187, 1, 187, 'A'),
(188, 1, 188, 'A'),
(190, 2, 190, 'A'),
(191, 2, 191, 'A'),
(192, 2, 192, 'A'),
(193, 2, 193, 'A'),
(194, 3, 194, 'A'),
(195, 3, 195, 'A'),
(196, 3, 196, 'A'),
(197, 3, 197, 'A'),
(198, 3, 198, 'A');

-- --------------------------------------------------------

--
-- Estructura de tabla para la tabla `enfermero`
--

CREATE TABLE `enfermero` (
  `id` int(11) NOT NULL,
  `personas_id` int(11) DEFAULT NULL,
  `ocupado` char(1) DEFAULT NULL,
  `estado` char(1) DEFAULT NULL
) ENGINE=InnoDB DEFAULT CHARSET=utf8mb4;

--
-- Volcado de datos para la tabla `enfermero`
--

INSERT INTO `enfermero` (`id`, `personas_id`, `ocupado`, `estado`) VALUES
(1, 13, 'N', 'A'),
(2, 14, 'N', 'A'),
(3, 21, 'N', 'A'),
(4, 22, 'N', 'A'),
(5, 23, 'N', 'A'),
(6, 24, 'N', 'A'),
(7, 25, 'N', 'A');

-- --------------------------------------------------------

--
-- Estructura de tabla para la tabla `escala_satisfacion`
--

CREATE TABLE `escala_satisfacion` (
  `id` int(11) NOT NULL,
  `detalle` varchar(25) DEFAULT NULL,
  `valor` int(11) DEFAULT NULL,
  `name_svg` varchar(50) DEFAULT NULL,
  `estado` char(1) DEFAULT NULL
) ENGINE=InnoDB DEFAULT CHARSET=utf8;

--
-- Volcado de datos para la tabla `escala_satisfacion`
--

INSERT INTO `escala_satisfacion` (`id`, `detalle`, `valor`, `name_svg`, `estado`) VALUES
(1, 'sin calificar', 0, NULL, 'A'),
(2, 'Muy insatisfecho', 1, 'muybaja.svg', 'A'),
(3, 'Poco satisfecho ', 2, 'baja.svg', 'A'),
(4, 'Neutral', 3, 'media.svg', 'A'),
(5, 'Satisfecho', 4, 'alta.svg', 'A'),
(6, 'Muy satisfecho', 5, 'muyalta.svg', 'A');

-- --------------------------------------------------------

--
-- Estructura de tabla para la tabla `especialidad`
--

CREATE TABLE `especialidad` (
  `id` int(11) NOT NULL,
  `especialidad` varchar(50) DEFAULT NULL,
  `estado` char(1) DEFAULT NULL
) ENGINE=InnoDB DEFAULT CHARSET=utf8mb4;

--
-- Volcado de datos para la tabla `especialidad`
--

INSERT INTO `especialidad` (`id`, `especialidad`, `estado`) VALUES
(1, 'Obstetricia', 'A'),
(2, 'Odontología', 'A'),
(3, 'Pediatria', 'A'),
(5, 'Cirugía General', 'A'),
(7, 'Dermatología', 'A'),
(8, 'Medicina General', 'A');

-- --------------------------------------------------------

--
-- Estructura de tabla para la tabla `estado_cita`
--

CREATE TABLE `estado_cita` (
  `id` int(11) NOT NULL,
  `detalle` varchar(25) DEFAULT NULL,
  `estado` char(1) DEFAULT NULL
) ENGINE=InnoDB DEFAULT CHARSET=utf8mb4;

--
-- Volcado de datos para la tabla `estado_cita`
--

INSERT INTO `estado_cita` (`id`, `detalle`, `estado`) VALUES
(1, 'Pendiente', 'A'),
(2, 'Atendido', 'A'),
(3, 'Cancelado', 'A'),
(4, 'Entregado', 'A');

-- --------------------------------------------------------

--
-- Estructura de tabla para la tabla `horario`
--

CREATE TABLE `horario` (
  `id` int(11) NOT NULL,
  `hora_entrada` time DEFAULT NULL,
  `hora_salida` time DEFAULT NULL,
  `fecha` date DEFAULT NULL,
  `intervalo` int(11) DEFAULT NULL,
  `hora_atencion` time DEFAULT NULL,
  `libre` char(1) DEFAULT NULL,
  `estado` char(1) DEFAULT NULL
) ENGINE=InnoDB DEFAULT CHARSET=utf8mb4;

--
-- Volcado de datos para la tabla `horario`
--

INSERT INTO `horario` (`id`, `hora_entrada`, `hora_salida`, `fecha`, `intervalo`, `hora_atencion`, `libre`, `estado`) VALUES
(1, '07:00:00', '12:00:00', '2022-06-06', 30, '07:00:00', 'O', 'A'),
(2, '07:00:00', '12:00:00', '2022-06-06', 30, '07:30:00', 'O', 'A'),
(3, '07:00:00', '12:00:00', '2022-06-06', 30, '08:00:00', 'O', 'A'),
(4, '07:00:00', '12:00:00', '2022-06-06', 30, '08:30:00', 'O', 'A'),
(5, '07:00:00', '12:00:00', '2022-06-06', 30, '09:00:00', 'O', 'A'),
(6, '07:00:00', '12:00:00', '2022-06-06', 30, '09:30:00', 'O', 'A'),
(7, '07:00:00', '12:00:00', '2022-06-06', 30, '10:00:00', 'O', 'A'),
(8, '07:00:00', '12:00:00', '2022-06-06', 30, '10:30:00', 'S', 'A'),
(9, '07:00:00', '12:00:00', '2022-06-06', 30, '11:00:00', 'O', 'A'),
(10, '07:00:00', '12:00:00', '2022-06-06', 30, '11:30:00', 'O', 'A'),
(11, '07:00:00', '12:00:00', '2022-06-06', 30, '12:00:00', 'S', 'A'),
(12, '13:00:00', '17:00:00', '2022-06-07', 30, '13:00:00', 'O', 'A'),
(13, '13:00:00', '17:00:00', '2022-06-07', 30, '13:30:00', 'S', 'A'),
(14, '13:00:00', '17:00:00', '2022-06-07', 30, '14:00:00', 'O', 'A'),
(15, '13:00:00', '17:00:00', '2022-06-07', 30, '14:30:00', 'O', 'A'),
(16, '13:00:00', '17:00:00', '2022-06-07', 30, '15:00:00', 'S', 'A'),
(17, '13:00:00', '17:00:00', '2022-06-07', 30, '15:30:00', 'O', 'A'),
(18, '13:00:00', '17:00:00', '2022-06-07', 30, '16:00:00', 'S', 'A'),
(19, '13:00:00', '17:00:00', '2022-06-07', 30, '16:30:00', 'O', 'A'),
(20, '13:00:00', '17:00:00', '2022-06-07', 30, '17:00:00', 'S', 'A'),
(23, '07:00:00', '12:00:00', '2022-06-08', 30, '08:00:00', 'O', 'A'),
(24, '07:00:00', '12:00:00', '2022-06-08', 30, '08:30:00', 'O', 'A'),
(29, '07:00:00', '12:00:00', '2022-06-08', 30, '11:00:00', 'O', 'A'),
(32, '13:00:00', '17:00:00', '2022-06-09', 30, '13:00:00', 'S', 'A'),
(33, '13:00:00', '17:00:00', '2022-06-09', 30, '13:30:00', 'S', 'A'),
(34, '13:00:00', '17:00:00', '2022-06-09', 30, '14:00:00', 'S', 'A'),
(35, '13:00:00', '17:00:00', '2022-06-09', 30, '14:30:00', 'S', 'A'),
(36, '13:00:00', '17:00:00', '2022-06-09', 30, '15:00:00', 'S', 'A'),
(37, '13:00:00', '17:00:00', '2022-06-09', 30, '15:30:00', 'S', 'A'),
(38, '13:00:00', '17:00:00', '2022-06-09', 30, '16:00:00', 'S', 'A'),
(39, '13:00:00', '17:00:00', '2022-06-09', 30, '16:30:00', 'S', 'A'),
(41, '07:00:00', '12:00:00', '2022-06-10', 30, '07:00:00', 'S', 'A'),
(42, '07:00:00', '12:00:00', '2022-06-10', 30, '07:30:00', 'S', 'A'),
(43, '07:00:00', '12:00:00', '2022-06-10', 30, '08:00:00', 'S', 'A'),
(44, '07:00:00', '12:00:00', '2022-06-10', 30, '08:30:00', 'S', 'A'),
(45, '07:00:00', '12:00:00', '2022-06-10', 30, '09:00:00', 'O', 'A'),
(46, '07:00:00', '12:00:00', '2022-06-10', 30, '09:30:00', 'S', 'A'),
(47, '07:00:00', '12:00:00', '2022-06-10', 30, '10:00:00', 'S', 'A'),
(48, '07:00:00', '12:00:00', '2022-06-10', 30, '10:30:00', 'S', 'A'),
(49, '07:00:00', '12:00:00', '2022-06-10', 30, '11:00:00', 'O', 'A'),
(50, '07:00:00', '12:00:00', '2022-06-10', 30, '11:30:00', 'S', 'A'),
(52, '07:00:00', '12:00:00', '2022-06-11', 30, '07:00:00', 'S', 'A'),
(53, '07:00:00', '12:00:00', '2022-06-11', 30, '07:30:00', 'O', 'A'),
(54, '07:00:00', '12:00:00', '2022-06-11', 30, '08:00:00', 'S', 'A'),
(55, '07:00:00', '12:00:00', '2022-06-11', 30, '08:30:00', 'S', 'A'),
(56, '07:00:00', '12:00:00', '2022-06-11', 30, '09:00:00', 'O', 'A'),
(57, '07:00:00', '12:00:00', '2022-06-11', 30, '09:30:00', 'S', 'A'),
(58, '07:00:00', '12:00:00', '2022-06-11', 30, '10:00:00', 'S', 'A'),
(59, '07:00:00', '12:00:00', '2022-06-11', 30, '10:30:00', 'S', 'A'),
(60, '07:00:00', '12:00:00', '2022-06-11', 30, '11:00:00', 'O', 'A'),
(61, '07:00:00', '12:00:00', '2022-06-11', 30, '11:30:00', 'O', 'A'),
(63, '07:00:00', '12:00:00', '2022-06-13', 60, '07:00:00', 'O', 'A'),
(64, '07:00:00', '12:00:00', '2022-06-13', 60, '08:00:00', 'O', 'A'),
(65, '07:00:00', '12:00:00', '2022-06-13', 60, '09:00:00', 'S', 'A'),
(66, '07:00:00', '12:00:00', '2022-06-13', 60, '10:00:00', 'S', 'A'),
(67, '07:00:00', '12:00:00', '2022-06-13', 60, '11:00:00', 'O', 'A'),
(69, '13:00:00', '17:00:00', '2022-06-14', 60, '13:00:00', 'O', 'A'),
(70, '13:00:00', '17:00:00', '2022-06-14', 60, '14:00:00', 'O', 'A'),
(71, '13:00:00', '17:00:00', '2022-06-14', 60, '15:00:00', 'O', 'A'),
(72, '13:00:00', '17:00:00', '2022-06-14', 60, '16:00:00', 'O', 'A'),
(74, '07:00:00', '12:00:00', '2022-06-15', 60, '07:00:00', 'S', 'A'),
(75, '07:00:00', '12:00:00', '2022-06-15', 60, '08:00:00', 'O', 'A'),
(76, '07:00:00', '12:00:00', '2022-06-15', 60, '09:00:00', 'O', 'A'),
(77, '07:00:00', '12:00:00', '2022-06-15', 60, '10:00:00', 'O', 'A'),
(78, '07:00:00', '12:00:00', '2022-06-15', 60, '11:00:00', 'O', 'A'),
(80, '13:00:00', '17:00:00', '2022-06-23', 60, '13:00:00', 'S', 'A'),
(81, '13:00:00', '17:00:00', '2022-06-23', 60, '14:00:00', 'S', 'A'),
(82, '13:00:00', '17:00:00', '2022-06-23', 60, '15:00:00', 'S', 'A'),
(83, '13:00:00', '17:00:00', '2022-06-23', 60, '16:00:00', 'S', 'A'),
(90, '13:00:00', '17:00:00', '2022-06-16', 60, '13:00:00', 'S', 'A'),
(91, '13:00:00', '17:00:00', '2022-06-16', 60, '14:00:00', 'O', 'A'),
(92, '13:00:00', '17:00:00', '2022-06-16', 60, '15:00:00', 'S', 'A'),
(93, '13:00:00', '17:00:00', '2022-06-16', 60, '16:00:00', 'O', 'A'),
(95, '13:00:00', '17:00:00', '2022-06-17', 60, '13:00:00', 'O', 'A'),
(98, '13:00:00', '17:00:00', '2022-06-17', 60, '14:00:00', 'O', 'A'),
(100, '13:00:00', '17:00:00', '2022-06-17', 60, '15:00:00', 'O', 'A'),
(103, '13:00:00', '17:00:00', '2022-06-17', 60, '16:00:00', 'S', 'A'),
(125, '07:00:00', '12:00:00', '2022-06-18', 60, '07:00:00', 'S', 'A'),
(126, '07:00:00', '12:00:00', '2022-06-18', 60, '08:00:00', 'O', 'A'),
(127, '07:00:00', '12:00:00', '2022-06-18', 60, '09:00:00', 'S', 'A'),
(128, '07:00:00', '12:00:00', '2022-06-18', 60, '10:00:00', 'O', 'A'),
(129, '07:00:00', '12:00:00', '2022-06-18', 60, '11:00:00', 'O', 'A'),
(131, '07:00:00', '12:00:00', '2022-06-20', 30, '07:00:00', 'S', 'A'),
(132, '07:00:00', '12:00:00', '2022-06-20', 30, '07:30:00', 'S', 'A'),
(133, '07:00:00', '12:00:00', '2022-06-20', 30, '08:00:00', 'S', 'A'),
(134, '07:00:00', '12:00:00', '2022-06-20', 30, '08:30:00', 'S', 'A'),
(135, '07:00:00', '12:00:00', '2022-06-20', 30, '09:00:00', 'S', 'A'),
(136, '07:00:00', '12:00:00', '2022-06-20', 30, '09:30:00', 'S', 'A'),
(137, '07:00:00', '12:00:00', '2022-06-20', 30, '10:00:00', 'S', 'A'),
(138, '07:00:00', '12:00:00', '2022-06-20', 30, '10:30:00', 'S', 'A'),
(139, '07:00:00', '12:00:00', '2022-06-20', 30, '11:00:00', 'S', 'A'),
(140, '07:00:00', '12:00:00', '2022-06-20', 30, '11:30:00', 'S', 'A'),
(142, '13:00:00', '17:00:00', '2022-06-21', 30, '13:00:00', 'S', 'A'),
(143, '13:00:00', '17:00:00', '2022-06-21', 30, '13:30:00', 'S', 'A'),
(144, '13:00:00', '17:00:00', '2022-06-21', 30, '14:00:00', 'S', 'A'),
(145, '13:00:00', '17:00:00', '2022-06-21', 30, '14:30:00', 'S', 'A'),
(146, '13:00:00', '17:00:00', '2022-06-21', 30, '15:00:00', 'S', 'A'),
(147, '13:00:00', '17:00:00', '2022-06-21', 30, '15:30:00', 'S', 'A'),
(148, '13:00:00', '17:00:00', '2022-06-21', 30, '16:00:00', 'S', 'A'),
(149, '13:00:00', '17:00:00', '2022-06-21', 30, '16:30:00', 'S', 'A'),
(151, '07:00:00', '12:00:00', '2022-06-22', 60, '07:00:00', 'S', 'A'),
(152, '07:00:00', '12:00:00', '2022-06-22', 60, '08:00:00', 'S', 'A'),
(153, '07:00:00', '12:00:00', '2022-06-22', 60, '09:00:00', 'S', 'A'),
(154, '07:00:00', '12:00:00', '2022-06-22', 60, '10:00:00', 'S', 'A'),
(155, '07:00:00', '12:00:00', '2022-06-22', 60, '11:00:00', 'S', 'A'),
(157, '13:00:00', '17:00:00', '2022-06-24', 60, '13:00:00', 'S', 'A'),
(158, '13:00:00', '17:00:00', '2022-06-24', 60, '14:00:00', 'S', 'A'),
(159, '13:00:00', '17:00:00', '2022-06-24', 60, '15:00:00', 'S', 'A'),
(160, '13:00:00', '17:00:00', '2022-06-24', 60, '16:00:00', 'S', 'A'),
(162, '07:00:00', '12:00:00', '2022-06-25', 60, '07:00:00', 'S', 'A'),
(163, '07:00:00', '12:00:00', '2022-06-25', 60, '08:00:00', 'S', 'A'),
(164, '07:00:00', '12:00:00', '2022-06-25', 60, '09:00:00', 'S', 'A'),
(165, '07:00:00', '12:00:00', '2022-06-25', 60, '10:00:00', 'S', 'A'),
(166, '07:00:00', '12:00:00', '2022-06-25', 60, '11:00:00', 'S', 'A'),
(168, '12:00:00', '17:00:00', '2022-06-27', 60, '12:00:00', 'S', 'A'),
(169, '12:00:00', '17:00:00', '2022-06-27', 60, '13:00:00', 'S', 'A'),
(170, '12:00:00', '17:00:00', '2022-06-27', 60, '14:00:00', 'S', 'A'),
(171, '12:00:00', '17:00:00', '2022-06-27', 60, '15:00:00', 'S', 'A'),
(172, '12:00:00', '17:00:00', '2022-06-27', 60, '16:00:00', 'S', 'A'),
(174, '07:00:00', '12:00:00', '2022-06-28', 60, '07:00:00', 'S', 'A'),
(175, '07:00:00', '12:00:00', '2022-06-28', 60, '08:00:00', 'S', 'A'),
(176, '07:00:00', '12:00:00', '2022-06-28', 60, '09:00:00', 'S', 'A'),
(177, '07:00:00', '12:00:00', '2022-06-28', 60, '10:00:00', 'S', 'A'),
(178, '07:00:00', '12:00:00', '2022-06-28', 60, '11:00:00', 'S', 'A'),
(180, '13:00:00', '17:00:00', '2022-06-29', 60, '13:00:00', 'S', 'A'),
(181, '13:00:00', '17:00:00', '2022-06-29', 60, '14:00:00', 'S', 'A'),
(182, '13:00:00', '17:00:00', '2022-06-29', 60, '15:00:00', 'S', 'A'),
(183, '13:00:00', '17:00:00', '2022-06-29', 60, '16:00:00', 'S', 'A'),
(185, '13:00:00', '17:00:00', '2022-06-30', 60, '13:00:00', 'S', 'A'),
(186, '13:00:00', '17:00:00', '2022-06-30', 60, '14:00:00', 'S', 'A'),
(187, '13:00:00', '17:00:00', '2022-06-30', 60, '15:00:00', 'S', 'A'),
(188, '13:00:00', '17:00:00', '2022-06-30', 60, '16:00:00', 'S', 'A'),
(190, '13:00:00', '17:00:00', '2022-06-08', 60, '13:00:00', 'O', 'A'),
(191, '13:00:00', '17:00:00', '2022-06-08', 60, '14:00:00', 'O', 'A'),
(192, '13:00:00', '17:00:00', '2022-06-08', 60, '15:00:00', 'O', 'A'),
(193, '13:00:00', '17:00:00', '2022-06-08', 60, '16:00:00', 'O', 'A'),
(194, '08:00:00', '13:00:00', '2022-06-09', 60, '08:00:00', 'O', 'A'),
(195, '08:00:00', '13:00:00', '2022-06-09', 60, '09:00:00', 'S', 'A'),
(196, '08:00:00', '13:00:00', '2022-06-09', 60, '10:00:00', 'O', 'A'),
(197, '08:00:00', '13:00:00', '2022-06-09', 60, '11:00:00', 'O', 'A'),
(198, '08:00:00', '13:00:00', '2022-06-09', 60, '12:00:00', 'O', 'A');

-- --------------------------------------------------------

--
-- Estructura de tabla para la tabla `intervalo_edad`
--

CREATE TABLE `intervalo_edad` (
  `id` int(11) NOT NULL,
  `edad` varchar(50) DEFAULT NULL,
  `estado` char(1) DEFAULT NULL
) ENGINE=InnoDB DEFAULT CHARSET=utf8mb4;

--
-- Volcado de datos para la tabla `intervalo_edad`
--

INSERT INTO `intervalo_edad` (`id`, `edad`, `estado`) VALUES
(1, '1 hasta 5 años', 'A'),
(2, '6 hasta 12 años', 'A'),
(3, '13 hasta 18 años', 'A'),
(4, 'Mayores de 18 años', 'A'),
(5, 'Adultos Mayores', 'A'),
(6, 'Población en General', 'A');

-- --------------------------------------------------------

--
-- Estructura de tabla para la tabla `inventario`
--

CREATE TABLE `inventario` (
  `id` int(11) NOT NULL,
  `productos_id` int(11) DEFAULT NULL,
  `movimientos_id` int(11) DEFAULT NULL,
  `tipo` enum('E','S') DEFAULT NULL,
  `cantidad` int(11) DEFAULT NULL,
  `cantidad_disponible` int(11) DEFAULT NULL,
  `created_at` timestamp NULL DEFAULT NULL,
  `updated_at` timestamp NULL DEFAULT NULL
) ENGINE=InnoDB DEFAULT CHARSET=utf8mb4;

--
-- Volcado de datos para la tabla `inventario`
--

INSERT INTO `inventario` (`id`, `productos_id`, `movimientos_id`, `tipo`, `cantidad`, `cantidad_disponible`, `created_at`, `updated_at`) VALUES
(1, 7, 1, 'E', 1000, 1000, '2022-06-01 21:20:48', '2022-06-05 21:20:48'),
(2, 11, 2, 'E', 2000, 2000, '2022-06-01 21:24:16', '2022-06-05 21:24:16'),
(3, 14, 3, 'E', 10000, 10000, '2022-06-01 21:51:40', '2022-06-05 21:51:40'),
(4, 13, 4, 'E', 50, 50, '2022-06-01 21:54:37', '2022-06-05 21:54:37'),
(5, 8, 6, 'E', 5000, 5000, '2022-06-01 22:26:04', '2022-06-05 22:26:04'),
(6, 13, 7, 'S', -6, 32, '2022-06-06 22:29:02', '2022-06-06 22:29:02'),
(7, 7, 8, 'S', -12, 988, '2022-06-06 22:35:58', '2022-06-06 22:35:58'),
(8, 13, 9, 'S', -8, 24, '2022-06-06 22:40:58', '2022-06-06 22:40:58'),
(9, 13, 10, 'S', -6, 18, '2022-06-06 22:45:06', '2022-06-06 22:45:06'),
(10, 13, 11, 'E', 50, 68, '2022-06-06 22:46:57', '2022-06-06 22:46:57'),
(11, 13, 12, 'S', -4, 64, '2022-06-06 22:54:02', '2022-06-06 22:54:02'),
(13, 13, 14, 'S', -6, 58, '2022-06-06 22:54:09', '2022-06-06 22:54:09'),
(14, 13, 15, 'S', -6, 44, '2022-06-06 15:01:47', '2022-06-06 15:01:47'),
(16, 13, 17, 'S', -6, 38, '2022-06-06 15:02:02', '2022-06-06 15:02:02'),
(20, 13, 21, 'S', -5, 53, '2022-06-07 17:50:08', '2022-06-07 17:50:08'),
(21, 13, 22, 'S', -3, 50, '2022-06-07 17:58:38', '2022-06-07 17:58:38'),
(22, 13, 23, 'S', -6, 44, '2022-06-07 18:00:40', '2022-06-07 18:00:40'),
(23, 13, 24, 'E', 100, 144, '2022-06-07 18:01:42', '2022-06-07 18:01:42'),
(24, 13, 25, 'S', -8, 136, '2022-06-08 20:04:03', '2022-06-08 20:04:03'),
(26, 13, 27, 'S', -6, 130, '2022-06-08 20:04:07', '2022-06-08 20:04:07'),
(27, 7, 28, 'S', -6, 982, '2022-06-08 20:08:40', '2022-06-08 20:08:40'),
(28, 13, 28, 'S', -5, 125, '2022-06-08 20:08:40', '2022-06-08 20:08:40'),
(29, 15, 29, 'E', 2000, 2000, '2022-06-01 20:30:39', '2022-06-01 20:30:39'),
(30, 15, 30, 'S', -12, 1988, '2022-06-08 20:36:44', '2022-06-01 20:36:44'),
(32, 15, 32, 'S', -6, 1982, '2022-06-08 20:36:48', '2022-06-01 20:36:48'),
(35, 15, 35, 'S', -10, 1972, '2022-06-08 20:36:52', '2022-06-01 20:36:52'),
(39, 15, 39, 'S', -12, 1960, '2022-06-08 20:36:59', '2022-06-01 20:36:59'),
(40, 14, 39, 'S', -12, 9988, '2022-06-08 20:36:59', '2022-06-01 20:36:59'),
(41, 16, 40, 'E', 5000, 5000, '2022-06-01 22:05:54', '2022-06-01 22:05:54'),
(42, 16, 41, 'S', -12, 4988, '2022-06-09 22:10:00', '2022-06-09 22:10:00'),
(44, 16, 43, 'S', -24, 4964, '2022-06-09 22:10:48', '2022-06-09 22:10:48'),
(45, 16, 44, 'S', -12, 4952, '2022-06-09 22:57:16', '2022-06-09 22:57:16'),
(47, 16, 46, 'S', -36, 4916, '2022-06-09 22:57:40', '2022-06-09 22:57:40'),
(84, 8, 76, 'S', -6, 4994, '2022-12-07 16:52:43', '2022-12-07 16:52:43'),
(85, 13, 76, 'S', -7, 118, '2022-06-10 16:52:44', '2022-06-10 16:52:44'),
(86, 8, 77, 'S', -12, 4982, '2022-12-07 16:54:15', '2022-12-07 16:54:15'),
(87, 14, 78, 'S', -12, 9976, '2022-06-11 17:42:00', '2022-06-11 17:42:00'),
(88, 13, 78, 'S', -20, 98, '2022-06-11 17:42:00', '2022-06-11 17:42:00'),
(97, 13, 87, 'S', -6, 92, '2022-06-11 18:47:35', '2022-06-11 18:47:35'),
(98, 13, 88, 'S', -8, 84, '2022-06-11 18:47:44', '2022-06-11 18:47:44'),
(102, 13, 91, 'E', 500, 584, '2022-06-11 17:12:41', '2022-06-11 17:12:42'),
(103, 13, 92, 'S', -12, 572, '2022-06-13 17:20:48', '2022-06-13 17:20:48'),
(104, 14, 93, 'S', -6, 9970, '2022-06-13 17:20:55', '2022-06-13 17:20:55'),
(105, 13, 93, 'S', -4, 568, '2022-06-13 17:20:55', '2022-06-13 18:20:55'),
(106, 13, 94, 'S', -6, 562, '2022-06-13 17:21:00', '2022-06-13 17:21:00'),
(107, 7, 95, 'S', -6, 976, '2022-06-14 17:44:36', '2022-06-14 17:44:36'),
(108, 13, 96, 'S', -6, 556, '2022-06-14 17:44:44', '2022-06-14 17:44:44'),
(109, 13, 97, 'S', -12, 544, '2022-06-14 17:44:50', '2022-06-14 17:44:50'),
(110, 15, 98, 'S', -12, 1948, '2022-06-14 17:44:58', '2022-06-14 17:44:58'),
(111, 14, 98, 'S', -6, 9964, '2022-06-14 17:44:58', '2022-06-14 17:44:58'),
(112, 17, 99, 'E', 3000, 3000, '2022-06-14 17:48:28', '2022-06-14 17:48:28'),
(113, 18, 100, 'E', 7000, 7000, '2022-06-14 17:50:34', '2022-06-15 17:50:34'),
(114, 19, 101, 'E', 4000, 4000, '2022-06-14 18:53:19', '2022-06-15 18:53:19'),
(115, 20, 102, 'E', 3000, 3000, '2022-06-14 18:56:56', '2022-06-15 18:56:56'),
(116, 21, 103, 'E', 7000, 7000, '2022-06-14 19:04:18', '2022-06-15 19:04:18'),
(117, 22, 104, 'E', 2000, 2000, '2022-06-14 19:13:14', '2022-06-15 19:13:14'),
(118, 17, 105, 'S', -6, 2994, '2022-06-15 19:28:07', '2022-06-15 19:28:07'),
(119, 14, 106, 'S', -12, 9952, '2022-06-15 19:28:13', '2022-06-15 19:28:13'),
(120, 17, 106, 'S', -6, 2988, '2022-06-15 19:28:13', '2022-06-15 19:28:13'),
(121, 7, 107, 'S', -6, 970, '2022-06-15 19:28:18', '2022-06-15 19:28:18'),
(122, 13, 107, 'S', -6, 538, '2022-06-15 19:28:19', '2022-06-15 19:28:19'),
(123, 17, 108, 'S', -12, 2976, '2022-06-16 19:40:26', '2022-06-16 19:40:26'),
(124, 14, 109, 'S', -12, 9940, '2022-06-16 19:40:30', '2022-06-16 19:40:30'),
(125, 13, 110, 'S', -6, 532, '2022-06-17 20:13:27', '2022-06-17 20:13:27'),
(126, 17, 111, 'S', -12, 2964, '2022-06-17 20:13:32', '2022-06-17 20:13:32'),
(127, 7, 112, 'S', -6, 964, '2022-06-17 20:13:38', '2022-06-17 20:13:38'),
(128, 14, 113, 'S', -4, 9936, '2022-06-18 20:21:17', '2022-06-18 20:21:17'),
(129, 13, 113, 'S', -2, 530, '2022-06-18 20:21:17', '2022-06-18 20:21:17'),
(130, 17, 113, 'S', -6, 2958, '2022-06-18 20:21:17', '2022-06-18 20:21:17'),
(131, 7, 114, 'S', -4, 960, '2022-06-18 20:21:33', '2022-06-18 20:21:33'),
(132, 13, 114, 'S', -4, 526, '2022-06-18 20:21:33', '2022-06-18 20:21:33'),
(133, 7, 115, 'S', -12, 948, '2022-06-18 21:01:41', '2022-06-18 21:01:41'),
(134, 11, 116, 'S', -100, 1900, '2022-06-18 21:43:40', '2022-06-18 21:43:40'),
(135, 11, 117, 'E', 85, 1985, '2022-06-18 23:05:50', '2022-06-18 23:05:50');

-- --------------------------------------------------------

--
-- Estructura de tabla para la tabla `menus`
--

CREATE TABLE `menus` (
  `id` int(11) NOT NULL,
  `seccion_id` int(11) DEFAULT NULL,
  `menu` varchar(100) DEFAULT NULL,
  `url` varchar(100) DEFAULT NULL,
  `icono` varchar(50) DEFAULT NULL,
  `posicion` int(2) DEFAULT NULL,
  `estado` char(1) DEFAULT NULL
) ENGINE=InnoDB DEFAULT CHARSET=utf8mb4;

--
-- Volcado de datos para la tabla `menus`
--

INSERT INTO `menus` (`id`, `seccion_id`, `menu`, `url`, `icono`, `posicion`, `estado`) VALUES
(1, 0, 'Dashboard', 'dashboard', 'fa fa-building', 0, 'A'),
(2, 0, 'Usuarios', 'usuario', 'fa fa-user', 1, 'A'),
(3, 2, 'Nuevo', 'usuario/nuevo', '#', 0, 'A'),
(4, 0, 'Seguridad', 'permiso', 'fas fa-user-lock', 2, 'A'),
(5, 4, 'Permisos', 'permiso/acceso', '#', 0, 'A'),
(6, 0, 'Horarios', 'horario', 'fa-solid fa-clock', 3, 'A'),
(7, 6, 'Nuevo', 'horario/nuevo', '#', 0, 'A'),
(8, 0, 'Gestión Citas', 'cita', 'fas fa-notes-medical', 4, 'A'),
(9, 8, 'Nueva Cita', 'cita/nueva', '#', 0, 'A'),
(10, 0, 'Control de Citas', 'cita', 'fa-solid fa-calendar-check', 5, 'A'),
(11, 10, 'Administración', 'cita/control', '#', 0, 'A'),
(12, 0, 'Asignar Especialidad', 'asignar', 'fa-solid fa-user-plus', 6, 'A'),
(13, 12, 'Nueva Asignación', 'asignacion/nueva', '#', 0, 'A'),
(14, 0, 'Administracion de Productos', 'administracion', 'fa-solid fa-box-archive', 7, 'A'),
(15, 14, 'Nuevo Producto', 'administracion/nuevoProducto', '#', 0, 'A'),
(16, 0, 'Proveedores', 'proveedor', 'fas fa-truck', 8, 'A'),
(17, 16, 'Nuevo Proveedor', 'proveedor/nuevo', '#', 0, 'A'),
(18, 0, 'Abastecimiento de Productos', 'abastecer', 'fa-solid fa-box', 9, 'A'),
(19, 18, 'Nuevo Abastecimiento', 'abastecer/nuevo', '#', 0, 'A'),
(20, 0, 'Farmacia', 'farmacia', 'fas fa-laptop-medical', 10, 'A'),
(21, 20, 'Entrega de Producto por Receta', 'farmacia/entregaReceta', '#', 0, 'A'),
(22, 0, 'Inventario', 'inventario', 'fas fa-clipboard-list', 11, 'A'),
(23, 22, 'Ver Inventario', 'inventario/ver', '#', 0, 'A'),
(24, 0, 'Campañas', 'campania', 'fa-solid fa-kit-medical', 12, 'A'),
(25, 24, 'Nueva Campaña', 'campania/nueva', '#', 0, 'A'),
(26, 0, 'Aplicacion de Vacuna', 'aplicacion', 'fa-solid fa-syringe', 13, 'A'),
(27, 26, 'Nueva Vacuna', 'aplicacion/vacuna', '#', 0, 'A'),
(28, 0, 'Reportes', 'reporte', 'fa-solid fa-file', 14, 'A'),
(29, 28, 'Productos Mas Entregados por Receta', 'reporte/masEntregado', '#', 0, 'A'),
(30, 28, 'Pacientes Vacunados Por Campaña', 'reporte/pacienteVacunadoCampania', '#', 1, 'A'),
(31, 28, 'Progreso De Vacuna Por Campaña ', 'reporte/progreso', '#', 2, 'A'),
(32, 0, 'Regresión Lineal', 'regresion', 'fa-solid fa-chart-line', 15, 'A'),
(33, 32, 'Proyección', 'regresion/proyeccion', '#', 0, 'A'),
(34, 1, 'Estadisticos', 'dashboard/estadistico', '#', 0, 'A'),
(35, 1, 'KPI', 'dashboard/kpi', '#', 1, 'A');

-- --------------------------------------------------------

--
-- Estructura de tabla para la tabla `movimientos`
--

CREATE TABLE `movimientos` (
  `id` int(11) NOT NULL,
  `tipo_movimiento` char(1) DEFAULT NULL,
  `recetas_id` int(11) DEFAULT NULL,
  `abastecer_id` int(11) DEFAULT NULL,
  `campania_id` int(11) DEFAULT NULL,
  `fecha` date DEFAULT NULL
) ENGINE=InnoDB DEFAULT CHARSET=utf8mb4;

--
-- Volcado de datos para la tabla `movimientos`
--

INSERT INTO `movimientos` (`id`, `tipo_movimiento`, `recetas_id`, `abastecer_id`, `campania_id`, `fecha`) VALUES
(1, 'E', NULL, 1, NULL, '2022-06-01'),
(2, 'E', NULL, 2, NULL, '2022-06-01'),
(3, 'E', NULL, 3, NULL, '2022-06-01'),
(4, 'E', NULL, 4, NULL, '2022-06-01'),
(6, 'E', NULL, 6, NULL, '2022-06-01'),
(7, 'S', 1, NULL, NULL, '2022-06-06'),
(8, 'S', 2, NULL, NULL, '2022-06-06'),
(9, 'S', 3, NULL, NULL, '2022-06-06'),
(10, 'S', 4, NULL, NULL, '2022-06-06'),
(11, 'E', NULL, 7, NULL, '2022-06-06'),
(12, 'S', 6, NULL, NULL, '2022-06-06'),
(14, 'S', 5, NULL, NULL, '2022-06-06'),
(15, 'S', 7, NULL, NULL, '2022-06-06'),
(17, 'S', 8, NULL, NULL, '2022-06-06'),
(21, 'S', 14, NULL, NULL, '2022-06-07'),
(22, 'S', 16, NULL, NULL, '2022-06-07'),
(23, 'S', 17, NULL, NULL, '2022-06-07'),
(24, 'E', NULL, 8, NULL, '2022-06-07'),
(25, 'S', 18, NULL, NULL, '2022-06-08'),
(27, 'S', 19, NULL, NULL, '2022-06-08'),
(28, 'S', 20, NULL, NULL, '2022-06-08'),
(29, 'E', NULL, 9, NULL, '2022-06-01'),
(30, 'S', 21, NULL, NULL, '2022-06-01'),
(32, 'S', 22, NULL, NULL, '2022-06-01'),
(35, 'S', 23, NULL, NULL, '2022-06-01'),
(39, 'S', 24, NULL, NULL, '2022-06-01'),
(40, 'E', NULL, 10, NULL, '2022-06-01'),
(41, 'S', 25, NULL, NULL, '2022-06-09'),
(43, 'S', 26, NULL, NULL, '2022-06-09'),
(44, 'S', 27, NULL, NULL, '2022-06-09'),
(46, 'S', 28, NULL, NULL, '2022-06-09'),
(76, 'S', 47, NULL, NULL, '2022-12-07'),
(77, 'S', 46, NULL, NULL, '2022-12-07'),
(78, 'S', 53, NULL, NULL, '2022-06-11'),
(87, 'S', 58, NULL, NULL, '2022-06-11'),
(88, 'S', 60, NULL, NULL, '2022-06-11'),
(91, 'E', NULL, 11, NULL, '2022-06-11'),
(92, 'S', 63, NULL, NULL, '2022-06-13'),
(93, 'S', 64, NULL, NULL, '2022-06-13'),
(94, 'S', 65, NULL, NULL, '2022-06-13'),
(95, 'S', 66, NULL, NULL, '2022-06-14'),
(96, 'S', 67, NULL, NULL, '2022-06-14'),
(97, 'S', 68, NULL, NULL, '2022-06-14'),
(98, 'S', 69, NULL, NULL, '2022-06-14'),
(99, 'E', NULL, 12, NULL, '2022-06-14'),
(100, 'E', NULL, 13, NULL, '2022-06-14'),
(101, 'E', NULL, 14, NULL, '2022-06-14'),
(102, 'E', NULL, 15, NULL, '2022-06-14'),
(103, 'E', NULL, 16, NULL, '2022-06-14'),
(104, 'E', NULL, 17, NULL, '2022-06-14'),
(105, 'S', 70, NULL, NULL, '2022-06-15'),
(106, 'S', 71, NULL, NULL, '2022-06-15'),
(107, 'S', 72, NULL, NULL, '2022-06-15'),
(108, 'S', 73, NULL, NULL, '2022-06-16'),
(109, 'S', 74, NULL, NULL, '2022-06-16'),
(110, 'S', 75, NULL, NULL, '2022-06-17'),
(111, 'S', 76, NULL, NULL, '2022-06-17'),
(112, 'S', 77, NULL, NULL, '2022-06-17'),
(113, 'S', 78, NULL, NULL, '2022-06-18'),
(114, 'S', 79, NULL, NULL, '2022-06-18'),
(115, 'S', 80, NULL, NULL, '2022-06-18'),
(116, 'S', NULL, NULL, 1, '2022-06-18'),
(117, 'E', NULL, NULL, 1, '2022-06-18');

-- --------------------------------------------------------

--
-- Estructura de tabla para la tabla `pacientes`
--

CREATE TABLE `pacientes` (
  `id` int(11) NOT NULL,
  `personas_id` int(11) DEFAULT NULL,
  `estado` char(1) DEFAULT NULL
) ENGINE=InnoDB DEFAULT CHARSET=utf8mb4;

--
-- Volcado de datos para la tabla `pacientes`
--

INSERT INTO `pacientes` (`id`, `personas_id`, `estado`) VALUES
(2, 7, 'A'),
(3, 11, 'A'),
(4, 15, 'A'),
(5, 16, 'A'),
(6, 17, 'A'),
(7, 18, 'A'),
(8, 19, 'A'),
(9, 26, 'A'),
(10, 27, 'A'),
(11, 28, 'A'),
(12, 29, 'A'),
(13, 30, 'A'),
(14, 31, 'A'),
(15, 32, 'A'),
(16, 33, 'A'),
(17, 34, 'A'),
(18, 35, 'A'),
(19, 36, 'A'),
(20, 37, 'A'),
(21, 38, 'A'),
(22, 39, 'A'),
(23, 40, 'A'),
(24, 41, 'A'),
(25, 42, 'A'),
(26, 43, 'A'),
(27, 44, 'A'),
(28, 45, 'A'),
(29, 46, 'A'),
(30, 47, 'A'),
(31, 48, 'A'),
(32, 49, 'A'),
(33, 50, 'A'),
(34, 51, 'A'),
(35, 52, 'A'),
(36, 53, 'A'),
(37, 54, 'A'),
(38, 55, 'A'),
(39, 56, 'A'),
(40, 57, 'A'),
(41, 58, 'A'),
(42, 59, 'A'),
(43, 60, 'A'),
(44, 61, 'A'),
(45, 62, 'A'),
(46, 63, 'A'),
(47, 64, 'A'),
(48, 65, 'A'),
(49, 66, 'A'),
(50, 67, 'A'),
(51, 68, 'A'),
(52, 69, 'A'),
(53, 70, 'A'),
(54, 71, 'A'),
(55, 72, 'A'),
(56, 73, 'A'),
(57, 74, 'A'),
(58, 75, 'A'),
(59, 76, 'A'),
(60, 77, 'A'),
(61, 78, 'A'),
(62, 79, 'A'),
(63, 80, 'A'),
(64, 81, 'A'),
(65, 82, 'A'),
(66, 83, 'A'),
(67, 84, 'A'),
(68, 85, 'A'),
(69, 86, 'A'),
(70, 87, 'A'),
(71, 88, 'A'),
(72, 89, 'A'),
(73, 90, 'A'),
(74, 91, 'A'),
(75, 92, 'A'),
(76, 93, 'A'),
(77, 94, 'A'),
(78, 95, 'A'),
(79, 96, 'A'),
(80, 97, 'A'),
(81, 98, 'A'),
(82, 99, 'A'),
(83, 100, 'A'),
(84, 101, 'A'),
(85, 102, 'A'),
(86, 103, 'A'),
(87, 104, 'A');

-- --------------------------------------------------------

--
-- Estructura de tabla para la tabla `parroquias`
--

CREATE TABLE `parroquias` (
  `id` int(11) NOT NULL,
  `cantones_id` int(11) DEFAULT NULL,
  `nombre_parroquia` varchar(50) DEFAULT NULL,
  `estado` char(1) DEFAULT NULL
) ENGINE=InnoDB DEFAULT CHARSET=utf8mb4;

--
-- Volcado de datos para la tabla `parroquias`
--

INSERT INTO `parroquias` (`id`, `cantones_id`, `nombre_parroquia`, `estado`) VALUES
(1, 3, 'Santa Elena', 'A'),
(2, 3, 'Atahualpa', 'A'),
(3, 3, 'Colonche', 'A'),
(4, 3, 'Chanduy', 'A'),
(5, 3, 'Manglaralto', 'A'),
(6, 3, 'Simon Bolivar', 'A'),
(7, 3, 'Ancón', 'A'),
(8, 2, 'La Libertad', 'A'),
(9, 1, 'Salinas', 'A'),
(10, 1, 'Anconcito', 'A'),
(11, 1, 'Jose Luis Tamayo', 'A'),
(13, 1, 'Carlos Espinoza Larrea', 'A'),
(14, 1, 'General Alberto Enriquez Gallo', 'A'),
(15, 1, 'Vicent Rocafuerte', 'A'),
(16, 1, 'Santa Rosa', 'A');

-- --------------------------------------------------------

--
-- Estructura de tabla para la tabla `permisos`
--

CREATE TABLE `permisos` (
  `id` int(11) NOT NULL,
  `menus_id` int(11) DEFAULT NULL,
  `roles_id` int(11) DEFAULT NULL,
  `acceso` char(1) DEFAULT NULL,
  `estado` char(1) DEFAULT NULL
) ENGINE=InnoDB DEFAULT CHARSET=utf8mb4;

--
-- Volcado de datos para la tabla `permisos`
--

INSERT INTO `permisos` (`id`, `menus_id`, `roles_id`, `acceso`, `estado`) VALUES
(1, 1, 1, 'S', 'A'),
(2, 2, 1, 'S', 'A'),
(3, 4, 1, 'S', 'A'),
(5, 6, 3, 'S', 'A'),
(6, 7, 3, 'S', 'A'),
(7, 3, 1, 'S', 'A'),
(8, 5, 1, 'S', 'A'),
(11, 8, 2, 'S', 'A'),
(12, 9, 2, 'S', 'A'),
(15, 10, 3, 'S', 'A'),
(16, 11, 3, 'S', 'A'),
(17, 12, 1, 'S', 'A'),
(18, 13, 1, 'S', 'A'),
(19, 14, 4, 'S', 'A'),
(20, 15, 4, 'S', 'A'),
(21, 16, 1, 'S', 'A'),
(22, 17, 1, 'S', 'A'),
(23, 18, 1, 'S', 'A'),
(24, 19, 1, 'S', 'A'),
(25, 20, 4, 'S', 'A'),
(26, 21, 4, 'S', 'A'),
(27, 22, 1, 'S', 'A'),
(28, 23, 1, 'S', 'A'),
(29, 22, 4, 'S', 'A'),
(30, 23, 4, 'S', 'A'),
(31, 24, 1, 'S', 'A'),
(32, 25, 1, 'S', 'A'),
(33, 26, 5, 'S', 'A'),
(34, 27, 5, 'S', 'A'),
(35, 28, 1, 'S', 'A'),
(36, 29, 1, 'S', 'A'),
(37, 30, 1, 'S', 'A'),
(38, 31, 1, 'S', 'A'),
(39, 32, 1, 'S', 'A'),
(40, 33, 1, 'S', 'A'),
(41, 34, 1, 'S', 'A'),
(42, 35, 1, 'S', 'A'),
(43, 14, 1, 'S', 'A'),
(44, 15, 1, 'S', 'A');

-- --------------------------------------------------------

--
-- Estructura de tabla para la tabla `personas`
--

CREATE TABLE `personas` (
  `id` int(11) NOT NULL,
  `cedula` varchar(10) DEFAULT NULL,
  `nombre` varchar(50) DEFAULT NULL,
  `apellido` varchar(50) DEFAULT NULL,
  `num_celular` varchar(10) DEFAULT NULL,
  `direccion` varchar(100) DEFAULT NULL,
  `sexo_id` int(11) DEFAULT NULL,
  `estado` char(1) DEFAULT NULL
) ENGINE=InnoDB DEFAULT CHARSET=utf8mb4;

--
-- Volcado de datos para la tabla `personas`
--

INSERT INTO `personas` (`id`, `cedula`, `nombre`, `apellido`, `num_celular`, `direccion`, `sexo_id`, `estado`) VALUES
(1, '2400505050', 'Ricardo', 'Balon', '0999505050', 'Salinas', 1, 'A'),
(2, '2400454720', 'Jose', 'Lopez', '0982879387', 'Guayaquil', 1, 'A'),
(3, '2450526211', 'Carla', 'Lopez', '0973838838', 'Muey', 2, 'A'),
(4, '2450796392', 'Maria', 'Gomez', '0997898891', 'Santa Elena', 2, 'A'),
(5, '0908391626', 'Evelyn', 'Suarez', '0987654321', 'Guayas', 2, 'A'),
(7, '2450580689', 'Helen', 'Velez', '0988514518', 'Salinas', 2, 'A'),
(8, '2400048720', 'Grace', 'Cajape', '0974748874', 'Guayas', 2, 'A'),
(9, '2450482167', 'Pedro', 'Guzman', '0936475257', 'Santa Elena', 1, 'A'),
(10, '1718941451', 'Lenin', 'Ortiz', '0832748264', 'Quito', 1, 'A'),
(11, '2400325573', 'Edwin', 'Salazar', '0984757884', 'Salinas', 1, 'A'),
(12, '0927088658', 'Jose', 'Lopez', '0915468454', 'Guayaquil', 1, 'A'),
(13, '2450815093', 'Bruno', 'Beltran', '0987365422', 'Muey', 1, 'A'),
(14, '2450336587', 'Diana', 'Suarez', '0985432366', 'Santa Elena', 2, 'A'),
(15, '2400212664', 'Adriana', 'Rodriguez', '0589489869', 'Salinas', 2, 'A'),
(16, '2450677071', 'Katherine', 'Sanchez', '0805808505', 'Salinas', 2, 'A'),
(17, '2450293614', 'Carlos', 'Suarez', '0348997975', 'Salinas', 1, 'A'),
(18, '2450094608', 'Luis', 'Toala', '0948838686', 'Muey', 1, 'A'),
(19, '2400290777', 'Pablo', 'Gomez', '0981610626', 'Santa Elena', 1, 'A'),
(20, '2400031015', 'Dayana', 'Cortez', '0974766464', 'Muey', 2, 'A'),
(21, '0942823121', 'Pedro', 'Gonzalez', '0984568787', 'Guayaquil', 1, 'A'),
(22, '2400132037', 'Alex', 'Gonzalez', '0985757575', 'La Libertad', 1, 'A'),
(23, '1313612317', 'Dayanara', 'Perez', '0980553945', 'Salinas', 2, 'A'),
(24, '0927947242', 'Ginger', 'Rodriguez', '0984754576', 'Salinas', 2, 'A'),
(25, '1727632489', 'Daniel', 'Suárez', '0934781200', 'Santa Elena', 1, 'A'),
(26, '0928145853', 'Dayanara', 'Perez', '0982677211', 'Salinas', 2, 'A'),
(27, '0919716993', 'Alfredo', 'Palacios', '0967293569', 'Pedro José', 1, 'A'),
(28, '0916851959', 'Alexa', 'Alvarado', '0917000440', 'Brizas Del Mar', 2, 'A'),
(29, '1316672029', 'Sheila', 'López', '0928311432', 'Matías', 2, 'A'),
(30, '2400026585', 'Pedro', 'Modric', '0924766041', 'Vicente Rocafuerte', 1, 'A'),
(31, '2400171860', 'Selena', 'Pincay', '0926921358', 'Pueblo Nuevo', 1, 'A'),
(32, '0928310986', 'Julio', 'Suárez', '0932656200', 'Santa Rosa', 1, 'A'),
(33, '0921376042', 'Sandra', 'Quinde', '0928190025', 'San Lorenzo', 2, 'A'),
(34, '0927963843', 'Walter', 'Pozo', '0926059100', 'Anconcito', 1, 'A'),
(35, '2450262874', 'Ana', 'Merejildo', '0924707926', 'San Lorenzo', 2, 'A'),
(36, '0928192525', 'Eduardo', 'Salazar', '0942973134', 'Pedro José', 1, 'A'),
(37, '2400132029', 'Carmen', 'Roca', '0950192134', 'Brizas Del Mar', 2, 'A'),
(38, '2450012535', 'Jesús', 'Orztiz', '0904718005', 'Pedro José', 1, 'A'),
(39, '0928025188', 'Camila', 'Tigrero', '0928166521', 'Brizas Del Mar', 2, 'A'),
(40, '0928146901', 'Antonio', 'Villao', '0928270240', 'Vicente Rocafuerte', 1, 'A'),
(41, '0926058983', 'Genesis', 'Panchana', '0927087300', 'Pedro José', 2, 'A'),
(42, '2400133266', 'Rosa', 'Guale', '0929020313', 'Brizas Del Mar', 2, 'A'),
(43, '2450133885', 'Ricardo', 'Vera', '0950919444', 'Pedro José', 1, 'A'),
(44, '2450556143', 'Erika', 'Aquino', '0929019309', 'Frank Vargas', 2, 'A'),
(45, '2450250812', 'Silvia', 'Lindao', '0907037129', 'Brizas Del Mar', 2, 'A'),
(46, '2400197949', 'Marcela', 'Torres', '0922802830', 'Pedro José', 2, 'A'),
(47, '0928860626', 'Gloria', 'Pluas', '0950165093', 'Brizas Del Mar', 2, 'A'),
(48, '0911985133', 'Elvira', 'Maldonado', '0918021931', 'Pedro José', 2, 'A'),
(49, '0918670548', 'Javier', 'Alvia', '0911346062', 'Brizas Del Mar', 1, 'A'),
(50, '0919472910', 'Daniel', 'Reyes', '0928501200', 'Vicente Rocafuerte', 1, 'A'),
(51, '0919960096', 'Margarita', 'Rivera', '0917000440', 'Brizas Del Mar', 2, 'A'),
(52, '0928501246', 'Maricela', 'Salinas', '0919960095', 'Salinas', 2, 'A'),
(53, '0907743710', 'Angelica', 'Soriano', '0919650100', 'Frank Vargas', 2, 'A'),
(54, '0916662885', 'Hector', 'Salinas', '0916851900', 'Frank Vargas', 1, 'A'),
(55, '0910644475', 'Lourdes', 'Tumbaco', '0900040903', 'La Floresta', 2, 'A'),
(56, '0915769210', 'Francisco', 'Yagual', '0907703710', 'La Floresta', 1, 'A'),
(57, '0923319891', 'Jairo', 'Villao', '0916662890', 'Frank Vargas', 1, 'A'),
(58, '0907838973', 'María', 'Montenegro', '0913472407', 'Vicente Rocafuerte', 2, 'A'),
(59, '0923829816', 'Sixto', 'Clemente', '0916999060', 'Pedro José', 1, 'A'),
(60, '0912345022', 'Guido', 'Cedeño', '0903447626', 'Frank Vargas', 1, 'A'),
(61, '0915918684', 'Brenda', 'Pita', '0919492910', 'Vicente Rocafuerte', 2, 'A'),
(62, '0917000440', 'Amelia', 'Ruiz', '0920211395', 'Brizas Del Mar', 2, 'A'),
(63, '0905260881', 'Marcela', 'Castillo', '0901759668', 'La Floresta', 2, 'A'),
(64, '0916017247', 'Victor', 'Garcia', '0913642020', 'Pedro José', 1, 'A'),
(65, '0913241279', 'Juan', 'Herrera', '0912340440', 'Frank Vargas', 1, 'A'),
(66, '0908875727', 'Marcos', 'Espinoza', '0905115838', 'Pedro José', 1, 'A'),
(67, '0908077746', 'Cristobal', 'Bermeo', '0903823501', 'Frank Vargas', 1, 'A'),
(68, '0909487621', 'Emma', 'Flores', '0903746447', 'Vicente Rocafuerte', 2, 'A'),
(69, '0916213036', 'Patricia', 'Salazar', '0911327955', 'San Lorenzo', 2, 'A'),
(70, '0915275226', 'Lucia', 'Pozo', '0910970015', 'Frank Vargas', 2, 'A'),
(71, '0918416421', 'Dolores', 'Morales', '0926396147', 'Pedro José', 2, 'A'),
(72, '0923624704', 'Nestor', 'Castillo', '0913077715', 'Brizas Del Mar', 1, 'A'),
(73, '0921883286', 'Manuel', 'Delgado', '0901360380', 'Pedro José', 1, 'A'),
(74, '0917283236', 'Humberto', 'Mendoza', '0914788550', 'Pedro José', 1, 'A'),
(75, '0908083272', 'Esperanza', 'García', '0906942812', 'Vicente Rocafuerte', 2, 'A'),
(76, '0924934466', 'Nina', 'Flores', '0908082245', 'Pedro José', 2, 'A'),
(77, '0909528820', 'Elga', 'Mendoza', '0905076050', 'Brizas Del Mar', 2, 'A'),
(78, '0922216585', 'Erly', 'Choez', '0910970015', 'Pedro José', 1, 'A'),
(79, '0916829195', 'Yuly', 'Alcivar', '0904669458', 'Pedro José', 2, 'A'),
(80, '0918076076', 'Ivonne', 'Espino', '0910189976', 'Pedro José', 2, 'A'),
(81, '0908284383', 'Antonio', 'Gonzalez', '0904107294', 'Pedro José', 1, 'A'),
(82, '2450028945', 'Gisell', 'Alvarado', '0916829100', 'Frank Vargas', 2, 'A'),
(83, '2450897778', 'Mariuxi', 'Villao', '0911754103', 'Brizas Del Mar', 2, 'A'),
(84, '2400142614', 'Ruth', 'Salinas', '0910829195', 'Pedro José', 2, 'A'),
(85, '2400019507', 'Jorge', 'Ramirez', '0911424166', 'Pedro José', 1, 'A'),
(86, '2400256497', 'Vanesa', 'Moreira', '0909678602', 'Frank Vargas', 2, 'A'),
(87, '2400406282', 'Leonardo', 'González', '0913005195', 'Frank Vargas', 1, 'A'),
(88, '0919898742', 'Juber', 'Prudente', '0919898742', 'Brizas Del Mar', 1, 'A'),
(89, '2400298887', 'Sergio', 'López', '0924971914', 'Pedro José', 1, 'A'),
(90, '2450223710', 'Sheyla', 'Mero', '0916898742', 'Pedro José', 2, 'A'),
(91, '2450580184', 'Lesly', 'Guale', '0904008988', 'Brizas Del Mar', 2, 'A'),
(92, '2450817263', 'Kevin', 'Orrala', '0916707904', 'Frank Vargas', 1, 'A'),
(93, '2450229949', 'Kimberly', 'González', '0901085097', 'Pedro José', 2, 'A'),
(94, '2400166001', 'Kenneth', 'Reyes', '0913736185', 'Frank Vargas', 1, 'A'),
(95, '2450057738', 'Jean Carlos', 'Rodriguez', '0906026034', 'Pedro José', 1, 'A'),
(96, '2450792193', 'Alexis', 'Suárez', '0915057145', 'La Floresta', 1, 'A'),
(97, '2400334864', 'Genesis', 'Escalante', '0923988109', 'Pedro José', 2, 'A'),
(98, '2450320086', 'Evelyn', 'Tomála', '0901482737', 'Pedro José', 2, 'A'),
(99, '0922675004', 'Julio', 'Alvarado', '0917129876', 'La Floresta', 1, 'A'),
(100, '2400063554', 'Erick', 'Aquino', '0913308400', 'Pedro José', 1, 'A'),
(101, '2450134677', 'Karen', 'Arteaga', '0914984273', 'Brizas Del Mar', 2, 'A'),
(102, '2400096059', 'Karen', 'Cepeda', '0909742025', 'Frank Vargas', 2, 'A'),
(103, '2450613019', 'María Fernanda', 'Flores', '0919103320', 'Pedro José', 2, 'A'),
(104, '2400292765', 'Cristhian', 'Ortega', '0909963829', 'Pedro José', 1, 'A');

-- --------------------------------------------------------

--
-- Estructura de tabla para la tabla `productos`
--

CREATE TABLE `productos` (
  `id` int(11) NOT NULL,
  `categorias_id` int(11) DEFAULT NULL,
  `codigo` varchar(50) DEFAULT NULL,
  `nombre` varchar(50) DEFAULT NULL,
  `descripcion` text DEFAULT NULL,
  `imagen` varchar(200) DEFAULT NULL,
  `stock` int(11) DEFAULT NULL,
  `fecha` date DEFAULT NULL,
  `d_campania` tinyint(4) DEFAULT 0,
  `estado` char(1) DEFAULT NULL
) ENGINE=InnoDB DEFAULT CHARSET=utf8mb4;

--
-- Volcado de datos para la tabla `productos`
--

INSERT INTO `productos` (`id`, `categorias_id`, `codigo`, `nombre`, `descripcion`, `imagen`, `stock`, `fecha`, `d_campania`, `estado`) VALUES
(7, 1, 'P0001', 'Amoxicilina', 'Cada 8 horas (tres veces al día) ', 'amoxicilina.png', 948, '2022-06-09', 0, 'A'),
(8, 1, 'P0002', 'Omeprazol', 'Una vez al día antes de las comidas', 'omeprazol.png', 4984, '2022-06-14', 0, 'A'),
(9, 7, 'P0003', 'Voltaren', 'Aplicar solo en superficies de la piel intactas y sanas (sin heridas abiertas o lesiones)', 'voltaren.png', 0, '2022-06-14', 0, 'A'),
(10, 2, 'P0004', 'Dental', 'Desde la fase de crecimiento hasta los 12 o 13 años.', 'ortopediadental.png', 0, '2022-06-14', 0, 'A'),
(11, 5, 'P0005', 'Sinovac', 'Vacuna para Covid 19', 'sinovac.jpg', 1985, '2022-12-05', 1, 'A'),
(12, 8, 'P0006', 'Neurobion', 'Complejo B', 'neurobion-social.jpg', 0, '2022-12-05', 0, 'A'),
(13, 5, 'P0007', 'Tetraciclina', 'Pa ra la infecciones respiratoria', 'producto_default.jpg', 526, '2022-06-05', 0, 'A'),
(14, 1, 'P0008', 'Paracetamol', 'Para la fiebre y dolor leve', 'producto_default.jpg', 9936, '2022-06-05', 0, 'A'),
(15, 7, 'P0009', 'Ibuprofeno', 'Para fiebre y dolor muscular', 'ibuprofeno.jpg', 1948, '2022-12-06', 0, 'A'),
(16, 9, 'P00010', 'Loratadina', 'Para alergias', 'producto_default.jpg', 4916, '2022-06-08', 0, 'A'),
(17, 7, 'P00011', 'Metamizol', 'Para el dolor de muela', 'producto_default.jpg', 2958, '2022-06-14', 0, 'A'),
(18, 7, 'P00012', 'Diclofenaco', 'Antiinflamatorio no esteroide', 'producto_default.jpg', 7000, '2022-06-15', 0, 'A'),
(19, 1, 'P00013', 'Ketoprofeno', 'Dolor agudo, tauma después de cirugia, dolor lumbar, dental y severo de cabeza', 'producto_default.jpg', 4000, '2022-06-15', 0, 'A'),
(20, 5, 'P00014', 'PNC Benzatinica', 'Para microorganismos que causan faringitis', 'producto_default.jpg', 3000, '2022-06-15', 0, 'A'),
(21, 10, 'P00015', 'Diazepam', 'Sedante, relajante muscular', 'producto_default.jpg', 7000, '2022-06-15', 0, 'A'),
(22, 8, 'P00016', 'Cromatonbic Ferro', 'Solucion oral (1vial=37,5 mg. Fe  )', 'producto_default.jpg', 2000, '2022-06-15', 0, 'A');

-- --------------------------------------------------------

--
-- Estructura de tabla para la tabla `proveedores`
--

CREATE TABLE `proveedores` (
  `id` int(11) NOT NULL,
  `nombre_proveedor` varchar(100) DEFAULT NULL,
  `ruc` varchar(13) DEFAULT NULL,
  `correo` varchar(50) DEFAULT NULL,
  `direccion` varchar(50) DEFAULT NULL,
  `telefono` varchar(10) DEFAULT NULL,
  `estado` char(1) DEFAULT NULL
) ENGINE=InnoDB DEFAULT CHARSET=utf8mb4;

--
-- Volcado de datos para la tabla `proveedores`
--

INSERT INTO `proveedores` (`id`, `nombre_proveedor`, `ruc`, `correo`, `direccion`, `telefono`, `estado`) VALUES
(1, 'MK', '2450310939001', 'mk@gmail.com', 'Guayaquil', '0984213265', 'A'),
(3, 'EcuaLab', '1719098905001', 'ecualab.compras@gmail.com', 'Quito', '0982677400', 'A');

-- --------------------------------------------------------

--
-- Estructura de tabla para la tabla `provincia`
--

CREATE TABLE `provincia` (
  `id` int(11) NOT NULL,
  `nombre_provincia` varchar(50) DEFAULT NULL,
  `estado` char(1) DEFAULT NULL
) ENGINE=InnoDB DEFAULT CHARSET=utf8mb4;

--
-- Volcado de datos para la tabla `provincia`
--

INSERT INTO `provincia` (`id`, `nombre_provincia`, `estado`) VALUES
(1, 'Santa Elena', 'A');

-- --------------------------------------------------------

--
-- Estructura de tabla para la tabla `recetas`
--

CREATE TABLE `recetas` (
  `id` int(11) NOT NULL,
  `citas_id` int(11) DEFAULT NULL,
  `entregado` char(1) DEFAULT NULL,
  `fecha` date DEFAULT NULL,
  `descripcion` text DEFAULT NULL,
  `estado` char(1) DEFAULT NULL
) ENGINE=InnoDB DEFAULT CHARSET=utf8mb4;

--
-- Volcado de datos para la tabla `recetas`
--

INSERT INTO `recetas` (`id`, `citas_id`, `entregado`, `fecha`, `descripcion`, `estado`) VALUES
(1, 1, 'S', '2022-06-06', 'Tomar el medicamento cada 8 horas', 'A'),
(2, 2, 'S', '2022-06-06', 'Tomar el medicamento cada 8 horas, procurar evitar agentes de bacterias infecciosas', 'A'),
(3, 3, 'S', '2022-06-06', 'No automedicarse, tomar el medicamento cada 8 horas', 'A'),
(4, 4, 'S', '2022-06-06', 'Tomar cada 8 horas', 'A'),
(5, 5, 'S', '2022-06-06', 'Tomar cada 8 horas', 'A'),
(6, 7, 'S', '2022-06-06', 'Tomar el medicamento cada 6 horas', 'A'),
(7, 8, 'S', '2022-06-06', 'No automedicarse', 'A'),
(8, 9, 'S', '2022-06-07', 'Tomar el medicamento cada 8 horas', 'A'),
(14, 10, 'S', '2022-06-07', 'No automedicarse seguir el tratamiento cada 8 horas', 'A'),
(16, 13, 'S', '2022-06-07', 'Tomar el medicamento cada 6 horas', 'A'),
(17, 11, 'S', '2022-06-07', 'Seguir el tratamiento cada 8 horas', 'A'),
(18, 15, 'S', '2022-06-08', 'Tomar el medicamento cada 6 horas', 'A'),
(19, 16, 'S', '2022-06-08', 'No automedicarse, tomar abundante agua, tomar la medicina cada 8 horas', 'A'),
(20, 17, 'S', '2022-06-08', 'Tomar la amoxicilina cada 8 horas\ny la tetraciclina 20 minutos después\n', 'A'),
(21, 18, 'S', '2022-06-01', 'Tomar el medicamento con abundante agua', 'A'),
(22, 19, 'S', '2022-06-01', 'Tomar el medicamento cada 6 horas', 'A'),
(23, 20, 'S', '2022-06-01', 'Tomar abundante agua, el medicamento se suministra cada 8 horas', 'A'),
(24, 21, 'S', '2022-06-01', 'Tomar cada medicamento en un intervalo de 8 horas, no suministrase ambos al mismo tiempo, debe esperar 20 minutos', 'A'),
(25, 22, 'S', '2022-06-09', 'Tomar con frecuencia cada 8 horas', 'A'),
(26, 23, 'S', '2022-06-09', 'Tomar el medicamento cada 8 horas o cuando presente síntomas', 'A'),
(27, 24, 'S', '2022-06-09', 'Tomar cada 8n horas', 'A'),
(28, 25, 'S', '2022-06-09', 'Tomar la medicina en lapsos de 8 horas', 'A'),
(46, 26, 'S', '2022-12-07', 'Ertyu', 'A'),
(47, 27, 'S', '2022-12-07', '567t8y9', 'A'),
(53, 28, 'S', '2022-06-11', 'Paracetamol c/8 hrs\nTetraciclina c/10 hrs\n', 'A'),
(55, 29, 'S', '2022-06-11', '6rt7y8huij', 'A'),
(58, 30, 'S', '2022-06-11', 'Uyiujo', 'A'),
(60, 31, 'S', '2022-06-11', 'Cada 8 horas', 'A'),
(63, 35, 'S', '2022-06-13', 'C/8 hras', 'A'),
(64, 36, 'S', '2022-06-13', 'Paracetamol c/8 hrs\nTetraciclina c712 hrs', 'A'),
(65, 38, 'S', '2022-06-13', 'Tomar la pastilla cada 6 horas', 'A'),
(66, 39, 'S', '2022-06-14', 'C/8 hrs', 'A'),
(67, 40, 'S', '2022-06-14', 'Cada 8 hrs', 'A'),
(68, 41, 'S', '2022-06-14', 'Tomar con abundante agua cada 8 hrs, cepillarse los dientes', 'A'),
(69, 42, 'S', '2022-06-14', 'Tomar c/8 hrs y colocarse hielo en la parte del dolor,\nparacetamol c/8 hrs', 'A'),
(70, 43, 'S', '2022-06-15', 'Tomar cada 12 hrs cada pastilla', 'A'),
(71, 44, 'S', '2022-06-15', 'Paracetamo c/8 hrs\nMetamizol c/12 hrs', 'A'),
(72, 46, 'S', '2022-06-15', 'Tomar cada pastilla pasando 30 minutos, ambas cada 8 horas', 'A'),
(73, 47, 'S', '2022-06-16', 'C/12 hrs', 'A'),
(74, 48, 'S', '2022-06-16', 'C/8 hrs', 'A'),
(75, 49, 'S', '2022-06-17', 'Cada 8 hrs', 'A'),
(76, 50, 'S', '2022-06-17', 'Tratamiento cada 12 hrs', 'A'),
(77, 51, 'S', '2022-06-17', 'C/8 hrs', 'A'),
(78, 52, 'S', '2022-06-18', 'Metamizol c/8 hrs\nParacetamol c/8 hrs\nTetraciclina c/12 hrs', 'A'),
(79, 53, 'S', '2022-06-18', 'Amoxicilina c/8 hrs\nTetraciclina c/8 hrs', 'A'),
(80, 54, 'S', '2022-06-18', 'Amoxicilina cd/12 hras', 'A');

-- --------------------------------------------------------

--
-- Estructura de tabla para la tabla `roles`
--

CREATE TABLE `roles` (
  `id` int(11) NOT NULL,
  `cargo` varchar(50) DEFAULT NULL,
  `estado` char(1) DEFAULT NULL
) ENGINE=InnoDB DEFAULT CHARSET=utf8mb4;

--
-- Volcado de datos para la tabla `roles`
--

INSERT INTO `roles` (`id`, `cargo`, `estado`) VALUES
(1, 'Administrador', 'A'),
(2, 'Recepcionista', 'A'),
(3, 'Doctor', 'A'),
(4, 'Jefe de Farmacia', 'A'),
(5, 'Enfermero', 'A');

-- --------------------------------------------------------

--
-- Estructura de tabla para la tabla `sexo`
--

CREATE TABLE `sexo` (
  `id` int(11) NOT NULL,
  `tipo` varchar(50) DEFAULT NULL,
  `estado` char(1) DEFAULT NULL
) ENGINE=InnoDB DEFAULT CHARSET=utf8mb4;

--
-- Volcado de datos para la tabla `sexo`
--

INSERT INTO `sexo` (`id`, `tipo`, `estado`) VALUES
(1, 'Masculino', 'A'),
(2, 'Femenino', 'A'),
(3, 'Prefiere no Identificarse', 'A');

-- --------------------------------------------------------

--
-- Estructura de tabla para la tabla `usuarios`
--

CREATE TABLE `usuarios` (
  `id` int(11) NOT NULL,
  `roles_id` int(11) DEFAULT NULL,
  `personas_id` int(11) DEFAULT NULL,
  `usuario` varchar(50) DEFAULT NULL,
  `correo` varchar(50) DEFAULT NULL,
  `clave` varchar(255) DEFAULT NULL,
  `conf_clave` varchar(255) DEFAULT NULL,
  `foto` varchar(50) DEFAULT NULL,
  `estado` char(1) DEFAULT NULL
) ENGINE=InnoDB DEFAULT CHARSET=utf8mb4;

--
-- Volcado de datos para la tabla `usuarios`
--

INSERT INTO `usuarios` (`id`, `roles_id`, `personas_id`, `usuario`, `correo`, `clave`, `conf_clave`, `foto`, `estado`) VALUES
(1, 1, 1, 'Ricardo', 'ricardob@gmail.com', '8d969eef6ecad3c29a3a629280e686cf0c3f5d5a86aff3ca12020c923adc6c92', '8d969eef6ecad3c29a3a629280e686cf0c3f5d5a86aff3ca12020c923adc6c92', 'user_default.png', 'A'),
(2, 4, 2, 'Jose', 'jose@gmail.com', '8d969eef6ecad3c29a3a629280e686cf0c3f5d5a86aff3ca12020c923adc6c92', '8d969eef6ecad3c29a3a629280e686cf0c3f5d5a86aff3ca12020c923adc6c92', 'user_default.png', 'I'),
(3, 2, 3, 'Carla', 'carla@hotmail.com', '8d969eef6ecad3c29a3a629280e686cf0c3f5d5a86aff3ca12020c923adc6c92', '8d969eef6ecad3c29a3a629280e686cf0c3f5d5a86aff3ca12020c923adc6c92', 'recepcionista.png', 'A'),
(4, 3, 4, 'Maria', 'maria@gmail.com', '8d969eef6ecad3c29a3a629280e686cf0c3f5d5a86aff3ca12020c923adc6c92', '8d969eef6ecad3c29a3a629280e686cf0c3f5d5a86aff3ca12020c923adc6c92', 'user_default.png', 'A'),
(5, 3, 5, 'Evelyn', 'evelyn@outlook.com', '8d969eef6ecad3c29a3a629280e686cf0c3f5d5a86aff3ca12020c923adc6c92', '8d969eef6ecad3c29a3a629280e686cf0c3f5d5a86aff3ca12020c923adc6c92', 'user_default.png', 'A'),
(6, 3, 8, 'Grace', 'grace@hotmail.com', '8d969eef6ecad3c29a3a629280e686cf0c3f5d5a86aff3ca12020c923adc6c92', '8d969eef6ecad3c29a3a629280e686cf0c3f5d5a86aff3ca12020c923adc6c92', 'user_default.png', 'A'),
(7, 3, 7, 'Marcos', 'marcos@gmail.com', '8d969eef6ecad3c29a3a629280e686cf0c3f5d5a86aff3ca12020c923adc6c92', '8d969eef6ecad3c29a3a629280e686cf0c3f5d5a86aff3ca12020c923adc6c92', 'user_default.png', 'A'),
(8, 3, 9, 'Pedro', 'pedro@hotmail.com', '8d969eef6ecad3c29a3a629280e686cf0c3f5d5a86aff3ca12020c923adc6c92', '8d969eef6ecad3c29a3a629280e686cf0c3f5d5a86aff3ca12020c923adc6c92', 'user_default.png', 'A'),
(9, 3, 10, 'Lenin', 'lenin@gmail.com', '8d969eef6ecad3c29a3a629280e686cf0c3f5d5a86aff3ca12020c923adc6c92', '8d969eef6ecad3c29a3a629280e686cf0c3f5d5a86aff3ca12020c923adc6c92', 'user_default.png', 'A'),
(10, 4, 12, 'Jose', 'jose@gmail.com', '8d969eef6ecad3c29a3a629280e686cf0c3f5d5a86aff3ca12020c923adc6c92', '8d969eef6ecad3c29a3a629280e686cf0c3f5d5a86aff3ca12020c923adc6c92', 'user_default.png', 'A'),
(11, 5, 13, 'Bruno', 'bruno@gmail.com', '8d969eef6ecad3c29a3a629280e686cf0c3f5d5a86aff3ca12020c923adc6c92', '8d969eef6ecad3c29a3a629280e686cf0c3f5d5a86aff3ca12020c923adc6c92', 'user_default.png', 'A'),
(12, 5, 14, 'Diana', 'diana@gmail.com', '1b2fc9341a16ae4e30082965d537ae47c21a0f27fd43eab78330ed81751ae6db', '1b2fc9341a16ae4e30082965d537ae47c21a0f27fd43eab78330ed81751ae6db', 'user_default.png', 'A'),
(13, 3, 20, 'Dayana', 'dayana@hotmail.com', '8d969eef6ecad3c29a3a629280e686cf0c3f5d5a86aff3ca12020c923adc6c92', '8d969eef6ecad3c29a3a629280e686cf0c3f5d5a86aff3ca12020c923adc6c92', 'user_default.png', 'A'),
(14, 5, 21, 'Pedro', 'pedro@gmail.com', '8d969eef6ecad3c29a3a629280e686cf0c3f5d5a86aff3ca12020c923adc6c92', '8d969eef6ecad3c29a3a629280e686cf0c3f5d5a86aff3ca12020c923adc6c92', 'user_default.png', 'A'),
(15, 5, 22, 'Alex', 'alex@hotmail.com', '8d969eef6ecad3c29a3a629280e686cf0c3f5d5a86aff3ca12020c923adc6c92', '8d969eef6ecad3c29a3a629280e686cf0c3f5d5a86aff3ca12020c923adc6c92', 'user_default.png', 'A'),
(16, 5, 23, 'Dayanara', 'dayanara@gmail.com', '8d969eef6ecad3c29a3a629280e686cf0c3f5d5a86aff3ca12020c923adc6c92', '8d969eef6ecad3c29a3a629280e686cf0c3f5d5a86aff3ca12020c923adc6c92', 'user_default.png', 'A'),
(17, 5, 24, 'Ginger', 'ginger@hotmail.com', '8d969eef6ecad3c29a3a629280e686cf0c3f5d5a86aff3ca12020c923adc6c92', '8d969eef6ecad3c29a3a629280e686cf0c3f5d5a86aff3ca12020c923adc6c92', 'user_default.png', 'A'),
(18, 5, 25, 'Daniel', 'daniel@gmail.com', '8d969eef6ecad3c29a3a629280e686cf0c3f5d5a86aff3ca12020c923adc6c92', '8d969eef6ecad3c29a3a629280e686cf0c3f5d5a86aff3ca12020c923adc6c92', 'user_default.png', 'A');

--
-- Índices para tablas volcadas
--

--
-- Indices de la tabla `abastecer`
--
ALTER TABLE `abastecer`
  ADD PRIMARY KEY (`id`),
  ADD KEY `fk_abastecer_usuario` (`usuarios_id`),
  ADD KEY `fk_abastecer_proveedor` (`proveedores_id`);

--
-- Indices de la tabla `aplicar_vacuna`
--
ALTER TABLE `aplicar_vacuna`
  ADD PRIMARY KEY (`id`),
  ADD KEY `fk_aplivac_enfermeo` (`enfermero_id`),
  ADD KEY `fk_aplivac_campania` (`campania_id`),
  ADD KEY `fk_aplivac_paciente` (`pacientes_id`);

--
-- Indices de la tabla `barrios`
--
ALTER TABLE `barrios`
  ADD PRIMARY KEY (`id`),
  ADD KEY `fk_baarrios_parroquias` (`parroquias_id`);

--
-- Indices de la tabla `campania`
--
ALTER TABLE `campania`
  ADD PRIMARY KEY (`id`),
  ADD KEY `fk_cam_provincia` (`provincia_id`),
  ADD KEY `fk_cam_canton` (`cantones_id`),
  ADD KEY `fk_cam_parroquia` (`parroquias_id`),
  ADD KEY `fk_cam_barrios` (`barrios_id`),
  ADD KEY `fk_cam_intervaloedad` (`intervalo_edad_id`);

--
-- Indices de la tabla `campania_enfermero`
--
ALTER TABLE `campania_enfermero`
  ADD PRIMARY KEY (`id`),
  ADD KEY `fk_campenfer_campania` (`campania_id`),
  ADD KEY `fk_campenfer_enfermero` (`enfermero_id`);

--
-- Indices de la tabla `cantones`
--
ALTER TABLE `cantones`
  ADD PRIMARY KEY (`id`),
  ADD KEY `fk_cantones_provincia` (`provincia_id`);

--
-- Indices de la tabla `categorias`
--
ALTER TABLE `categorias`
  ADD PRIMARY KEY (`id`);

--
-- Indices de la tabla `citas`
--
ALTER TABLE `citas`
  ADD PRIMARY KEY (`id`),
  ADD KEY `fk_citas_doctores` (`doctores_id`),
  ADD KEY `fk_citas_horario` (`horario_id`),
  ADD KEY `fk_citas_pacientes` (`pacientes_id`),
  ADD KEY `fk_citas_estadocitas` (`estado_cita_id`),
  ADD KEY `fk_citas_usuarios` (`usuarios_id`),
  ADD KEY `fk_citas_especialidad` (`especialidad_id`),
  ADD KEY `fk_citas_escalaSatisfacion` (`escala_satisfacion_id`);

--
-- Indices de la tabla `codigos`
--
ALTER TABLE `codigos`
  ADD PRIMARY KEY (`id`);

--
-- Indices de la tabla `detalle_abastecer`
--
ALTER TABLE `detalle_abastecer`
  ADD PRIMARY KEY (`id`),
  ADD KEY `fk_detaabastecer_abatecer` (`abastecer_id`),
  ADD KEY `fk_detaabastecer_producto` (`productos_id`);

--
-- Indices de la tabla `detalle_campania`
--
ALTER TABLE `detalle_campania`
  ADD PRIMARY KEY (`id`),
  ADD KEY `fk_detcamp_campania` (`campania_id`),
  ADD KEY `fk_detcamp_producto` (`productos_id`);

--
-- Indices de la tabla `detalle_receta`
--
ALTER TABLE `detalle_receta`
  ADD PRIMARY KEY (`id`),
  ADD KEY `fk_detareceta_receta` (`recetas_id`),
  ADD KEY `fk_detareceta_producto` (`productos_id`);

--
-- Indices de la tabla `doctores`
--
ALTER TABLE `doctores`
  ADD PRIMARY KEY (`id`),
  ADD KEY `fk_doctores_persona` (`personas_id`);

--
-- Indices de la tabla `doctores_especialidad`
--
ALTER TABLE `doctores_especialidad`
  ADD PRIMARY KEY (`id`),
  ADD KEY `fk_doctespecial_doctores` (`doctores_id`),
  ADD KEY `fk_doctespecial_especialidad` (`especialidad_id`);

--
-- Indices de la tabla `doctor_horario`
--
ALTER TABLE `doctor_horario`
  ADD PRIMARY KEY (`id`),
  ADD KEY `fk_dochor_doctores` (`doctores_id`),
  ADD KEY `fk_dochor_horario` (`horario_id`);

--
-- Indices de la tabla `enfermero`
--
ALTER TABLE `enfermero`
  ADD PRIMARY KEY (`id`),
  ADD KEY `fk_enfermero_persona` (`personas_id`);

--
-- Indices de la tabla `escala_satisfacion`
--
ALTER TABLE `escala_satisfacion`
  ADD PRIMARY KEY (`id`);

--
-- Indices de la tabla `especialidad`
--
ALTER TABLE `especialidad`
  ADD PRIMARY KEY (`id`);

--
-- Indices de la tabla `estado_cita`
--
ALTER TABLE `estado_cita`
  ADD PRIMARY KEY (`id`);

--
-- Indices de la tabla `horario`
--
ALTER TABLE `horario`
  ADD PRIMARY KEY (`id`);

--
-- Indices de la tabla `intervalo_edad`
--
ALTER TABLE `intervalo_edad`
  ADD PRIMARY KEY (`id`);

--
-- Indices de la tabla `inventario`
--
ALTER TABLE `inventario`
  ADD PRIMARY KEY (`id`),
  ADD KEY `fk_inventario_productos` (`productos_id`),
  ADD KEY `fk_inventario_movimientos` (`movimientos_id`);

--
-- Indices de la tabla `menus`
--
ALTER TABLE `menus`
  ADD PRIMARY KEY (`id`);

--
-- Indices de la tabla `movimientos`
--
ALTER TABLE `movimientos`
  ADD PRIMARY KEY (`id`),
  ADD KEY `fk_movimientos_recetas` (`recetas_id`),
  ADD KEY `fk_movimientos_abatecer` (`abastecer_id`),
  ADD KEY `fk_movimientos_campania` (`campania_id`);

--
-- Indices de la tabla `pacientes`
--
ALTER TABLE `pacientes`
  ADD PRIMARY KEY (`id`),
  ADD KEY `fk_pacientes_persona` (`personas_id`);

--
-- Indices de la tabla `parroquias`
--
ALTER TABLE `parroquias`
  ADD PRIMARY KEY (`id`),
  ADD KEY `fk_parroquias_cantones` (`cantones_id`);

--
-- Indices de la tabla `permisos`
--
ALTER TABLE `permisos`
  ADD PRIMARY KEY (`id`),
  ADD KEY `fk_permiso_menu` (`menus_id`),
  ADD KEY `fk_permiso_roles` (`roles_id`);

--
-- Indices de la tabla `personas`
--
ALTER TABLE `personas`
  ADD PRIMARY KEY (`id`),
  ADD KEY `fk_persona_sexo` (`sexo_id`);

--
-- Indices de la tabla `productos`
--
ALTER TABLE `productos`
  ADD PRIMARY KEY (`id`),
  ADD KEY `fk_productos_categorias` (`categorias_id`);

--
-- Indices de la tabla `proveedores`
--
ALTER TABLE `proveedores`
  ADD PRIMARY KEY (`id`);

--
-- Indices de la tabla `provincia`
--
ALTER TABLE `provincia`
  ADD PRIMARY KEY (`id`);

--
-- Indices de la tabla `recetas`
--
ALTER TABLE `recetas`
  ADD PRIMARY KEY (`id`),
  ADD KEY `fk_recetas_citas` (`citas_id`);

--
-- Indices de la tabla `roles`
--
ALTER TABLE `roles`
  ADD PRIMARY KEY (`id`);

--
-- Indices de la tabla `sexo`
--
ALTER TABLE `sexo`
  ADD PRIMARY KEY (`id`);

--
-- Indices de la tabla `usuarios`
--
ALTER TABLE `usuarios`
  ADD PRIMARY KEY (`id`),
  ADD KEY `fk_usuario_roles` (`roles_id`),
  ADD KEY `fk_usuario_persona` (`personas_id`);

--
-- AUTO_INCREMENT de las tablas volcadas
--

--
-- AUTO_INCREMENT de la tabla `abastecer`
--
ALTER TABLE `abastecer`
  MODIFY `id` int(11) NOT NULL AUTO_INCREMENT, AUTO_INCREMENT=18;

--
-- AUTO_INCREMENT de la tabla `aplicar_vacuna`
--
ALTER TABLE `aplicar_vacuna`
  MODIFY `id` int(11) NOT NULL AUTO_INCREMENT, AUTO_INCREMENT=16;

--
-- AUTO_INCREMENT de la tabla `barrios`
--
ALTER TABLE `barrios`
  MODIFY `id` int(11) NOT NULL AUTO_INCREMENT, AUTO_INCREMENT=19;

--
-- AUTO_INCREMENT de la tabla `campania`
--
ALTER TABLE `campania`
  MODIFY `id` int(11) NOT NULL AUTO_INCREMENT, AUTO_INCREMENT=2;

--
-- AUTO_INCREMENT de la tabla `campania_enfermero`
--
ALTER TABLE `campania_enfermero`
  MODIFY `id` int(11) NOT NULL AUTO_INCREMENT, AUTO_INCREMENT=3;

--
-- AUTO_INCREMENT de la tabla `cantones`
--
ALTER TABLE `cantones`
  MODIFY `id` int(11) NOT NULL AUTO_INCREMENT, AUTO_INCREMENT=4;

--
-- AUTO_INCREMENT de la tabla `categorias`
--
ALTER TABLE `categorias`
  MODIFY `id` int(11) NOT NULL AUTO_INCREMENT, AUTO_INCREMENT=11;

--
-- AUTO_INCREMENT de la tabla `citas`
--
ALTER TABLE `citas`
  MODIFY `id` int(11) NOT NULL AUTO_INCREMENT, AUTO_INCREMENT=55;

--
-- AUTO_INCREMENT de la tabla `codigos`
--
ALTER TABLE `codigos`
  MODIFY `id` int(11) NOT NULL AUTO_INCREMENT, AUTO_INCREMENT=25;

--
-- AUTO_INCREMENT de la tabla `detalle_abastecer`
--
ALTER TABLE `detalle_abastecer`
  MODIFY `id` int(11) NOT NULL AUTO_INCREMENT, AUTO_INCREMENT=17;

--
-- AUTO_INCREMENT de la tabla `detalle_campania`
--
ALTER TABLE `detalle_campania`
  MODIFY `id` int(11) NOT NULL AUTO_INCREMENT, AUTO_INCREMENT=2;

--
-- AUTO_INCREMENT de la tabla `detalle_receta`
--
ALTER TABLE `detalle_receta`
  MODIFY `id` int(11) NOT NULL AUTO_INCREMENT, AUTO_INCREMENT=90;

--
-- AUTO_INCREMENT de la tabla `doctores`
--
ALTER TABLE `doctores`
  MODIFY `id` int(11) NOT NULL AUTO_INCREMENT, AUTO_INCREMENT=8;

--
-- AUTO_INCREMENT de la tabla `doctores_especialidad`
--
ALTER TABLE `doctores_especialidad`
  MODIFY `id` int(11) NOT NULL AUTO_INCREMENT, AUTO_INCREMENT=14;

--
-- AUTO_INCREMENT de la tabla `doctor_horario`
--
ALTER TABLE `doctor_horario`
  MODIFY `id` int(11) NOT NULL AUTO_INCREMENT, AUTO_INCREMENT=204;

--
-- AUTO_INCREMENT de la tabla `enfermero`
--
ALTER TABLE `enfermero`
  MODIFY `id` int(11) NOT NULL AUTO_INCREMENT, AUTO_INCREMENT=8;

--
-- AUTO_INCREMENT de la tabla `escala_satisfacion`
--
ALTER TABLE `escala_satisfacion`
  MODIFY `id` int(11) NOT NULL AUTO_INCREMENT, AUTO_INCREMENT=7;

--
-- AUTO_INCREMENT de la tabla `especialidad`
--
ALTER TABLE `especialidad`
  MODIFY `id` int(11) NOT NULL AUTO_INCREMENT, AUTO_INCREMENT=9;

--
-- AUTO_INCREMENT de la tabla `estado_cita`
--
ALTER TABLE `estado_cita`
  MODIFY `id` int(11) NOT NULL AUTO_INCREMENT, AUTO_INCREMENT=5;

--
-- AUTO_INCREMENT de la tabla `horario`
--
ALTER TABLE `horario`
  MODIFY `id` int(11) NOT NULL AUTO_INCREMENT, AUTO_INCREMENT=204;

--
-- AUTO_INCREMENT de la tabla `intervalo_edad`
--
ALTER TABLE `intervalo_edad`
  MODIFY `id` int(11) NOT NULL AUTO_INCREMENT, AUTO_INCREMENT=7;

--
-- AUTO_INCREMENT de la tabla `inventario`
--
ALTER TABLE `inventario`
  MODIFY `id` int(11) NOT NULL AUTO_INCREMENT, AUTO_INCREMENT=136;

--
-- AUTO_INCREMENT de la tabla `menus`
--
ALTER TABLE `menus`
  MODIFY `id` int(11) NOT NULL AUTO_INCREMENT, AUTO_INCREMENT=36;

--
-- AUTO_INCREMENT de la tabla `movimientos`
--
ALTER TABLE `movimientos`
  MODIFY `id` int(11) NOT NULL AUTO_INCREMENT, AUTO_INCREMENT=118;

--
-- AUTO_INCREMENT de la tabla `pacientes`
--
ALTER TABLE `pacientes`
  MODIFY `id` int(11) NOT NULL AUTO_INCREMENT, AUTO_INCREMENT=88;

--
-- AUTO_INCREMENT de la tabla `parroquias`
--
ALTER TABLE `parroquias`
  MODIFY `id` int(11) NOT NULL AUTO_INCREMENT, AUTO_INCREMENT=17;

--
-- AUTO_INCREMENT de la tabla `permisos`
--
ALTER TABLE `permisos`
  MODIFY `id` int(11) NOT NULL AUTO_INCREMENT, AUTO_INCREMENT=45;

--
-- AUTO_INCREMENT de la tabla `personas`
--
ALTER TABLE `personas`
  MODIFY `id` int(11) NOT NULL AUTO_INCREMENT, AUTO_INCREMENT=105;

--
-- AUTO_INCREMENT de la tabla `productos`
--
ALTER TABLE `productos`
  MODIFY `id` int(11) NOT NULL AUTO_INCREMENT, AUTO_INCREMENT=25;

--
-- AUTO_INCREMENT de la tabla `proveedores`
--
ALTER TABLE `proveedores`
  MODIFY `id` int(11) NOT NULL AUTO_INCREMENT, AUTO_INCREMENT=4;

--
-- AUTO_INCREMENT de la tabla `provincia`
--
ALTER TABLE `provincia`
  MODIFY `id` int(11) NOT NULL AUTO_INCREMENT, AUTO_INCREMENT=2;

--
-- AUTO_INCREMENT de la tabla `recetas`
--
ALTER TABLE `recetas`
  MODIFY `id` int(11) NOT NULL AUTO_INCREMENT, AUTO_INCREMENT=81;

--
-- AUTO_INCREMENT de la tabla `roles`
--
ALTER TABLE `roles`
  MODIFY `id` int(11) NOT NULL AUTO_INCREMENT, AUTO_INCREMENT=6;

--
-- AUTO_INCREMENT de la tabla `sexo`
--
ALTER TABLE `sexo`
  MODIFY `id` int(11) NOT NULL AUTO_INCREMENT, AUTO_INCREMENT=4;

--
-- AUTO_INCREMENT de la tabla `usuarios`
--
ALTER TABLE `usuarios`
  MODIFY `id` int(11) NOT NULL AUTO_INCREMENT, AUTO_INCREMENT=19;

--
-- Restricciones para tablas volcadas
--

--
-- Filtros para la tabla `abastecer`
--
ALTER TABLE `abastecer`
  ADD CONSTRAINT `fk_abastecer_proveedor` FOREIGN KEY (`proveedores_id`) REFERENCES `proveedores` (`id`),
  ADD CONSTRAINT `fk_abastecer_usuario` FOREIGN KEY (`usuarios_id`) REFERENCES `usuarios` (`id`);

--
-- Filtros para la tabla `aplicar_vacuna`
--
ALTER TABLE `aplicar_vacuna`
  ADD CONSTRAINT `fk_aplivac_campania` FOREIGN KEY (`campania_id`) REFERENCES `campania` (`id`),
  ADD CONSTRAINT `fk_aplivac_enfermeo` FOREIGN KEY (`enfermero_id`) REFERENCES `enfermero` (`id`),
  ADD CONSTRAINT `fk_aplivac_paciente` FOREIGN KEY (`pacientes_id`) REFERENCES `pacientes` (`id`);

--
-- Filtros para la tabla `barrios`
--
ALTER TABLE `barrios`
  ADD CONSTRAINT `fk_baarrios_parroquias` FOREIGN KEY (`parroquias_id`) REFERENCES `parroquias` (`id`);

--
-- Filtros para la tabla `campania`
--
ALTER TABLE `campania`
  ADD CONSTRAINT `fk_cam_barrios` FOREIGN KEY (`barrios_id`) REFERENCES `barrios` (`id`),
  ADD CONSTRAINT `fk_cam_canton` FOREIGN KEY (`cantones_id`) REFERENCES `cantones` (`id`),
  ADD CONSTRAINT `fk_cam_intervaloedad` FOREIGN KEY (`intervalo_edad_id`) REFERENCES `intervalo_edad` (`id`),
  ADD CONSTRAINT `fk_cam_parroquia` FOREIGN KEY (`parroquias_id`) REFERENCES `parroquias` (`id`),
  ADD CONSTRAINT `fk_cam_provincia` FOREIGN KEY (`provincia_id`) REFERENCES `provincia` (`id`);

--
-- Filtros para la tabla `campania_enfermero`
--
ALTER TABLE `campania_enfermero`
  ADD CONSTRAINT `fk_campenfer_campania` FOREIGN KEY (`campania_id`) REFERENCES `campania` (`id`),
  ADD CONSTRAINT `fk_campenfer_enfermero` FOREIGN KEY (`enfermero_id`) REFERENCES `enfermero` (`id`);

--
-- Filtros para la tabla `cantones`
--
ALTER TABLE `cantones`
  ADD CONSTRAINT `fk_cantones_provincia` FOREIGN KEY (`provincia_id`) REFERENCES `provincia` (`id`);

--
-- Filtros para la tabla `citas`
--
ALTER TABLE `citas`
  ADD CONSTRAINT `fk_citas_doctores` FOREIGN KEY (`doctores_id`) REFERENCES `doctores` (`id`),
  ADD CONSTRAINT `fk_citas_escalaSatisfacion` FOREIGN KEY (`escala_satisfacion_id`) REFERENCES `escala_satisfacion` (`id`),
  ADD CONSTRAINT `fk_citas_especialidad` FOREIGN KEY (`especialidad_id`) REFERENCES `especialidad` (`id`),
  ADD CONSTRAINT `fk_citas_estadocitas` FOREIGN KEY (`estado_cita_id`) REFERENCES `estado_cita` (`id`),
  ADD CONSTRAINT `fk_citas_horario` FOREIGN KEY (`horario_id`) REFERENCES `horario` (`id`),
  ADD CONSTRAINT `fk_citas_pacientes` FOREIGN KEY (`pacientes_id`) REFERENCES `pacientes` (`id`),
  ADD CONSTRAINT `fk_citas_usuarios` FOREIGN KEY (`usuarios_id`) REFERENCES `usuarios` (`id`);

--
-- Filtros para la tabla `detalle_abastecer`
--
ALTER TABLE `detalle_abastecer`
  ADD CONSTRAINT `fk_detaabastecer_abatecer` FOREIGN KEY (`abastecer_id`) REFERENCES `abastecer` (`id`),
  ADD CONSTRAINT `fk_detaabastecer_producto` FOREIGN KEY (`productos_id`) REFERENCES `productos` (`id`);

--
-- Filtros para la tabla `detalle_campania`
--
ALTER TABLE `detalle_campania`
  ADD CONSTRAINT `fk_detcamp_campania` FOREIGN KEY (`campania_id`) REFERENCES `campania` (`id`),
  ADD CONSTRAINT `fk_detcamp_producto` FOREIGN KEY (`productos_id`) REFERENCES `productos` (`id`);

--
-- Filtros para la tabla `detalle_receta`
--
ALTER TABLE `detalle_receta`
  ADD CONSTRAINT `fk_detareceta_producto` FOREIGN KEY (`productos_id`) REFERENCES `productos` (`id`),
  ADD CONSTRAINT `fk_detareceta_receta` FOREIGN KEY (`recetas_id`) REFERENCES `recetas` (`id`);

--
-- Filtros para la tabla `doctores`
--
ALTER TABLE `doctores`
  ADD CONSTRAINT `fk_doctores_persona` FOREIGN KEY (`personas_id`) REFERENCES `personas` (`id`);

--
-- Filtros para la tabla `doctores_especialidad`
--
ALTER TABLE `doctores_especialidad`
  ADD CONSTRAINT `fk_doctespecial_doctores` FOREIGN KEY (`doctores_id`) REFERENCES `doctores` (`id`),
  ADD CONSTRAINT `fk_doctespecial_especialidad` FOREIGN KEY (`especialidad_id`) REFERENCES `especialidad` (`id`);

--
-- Filtros para la tabla `doctor_horario`
--
ALTER TABLE `doctor_horario`
  ADD CONSTRAINT `fk_dochor_doctores` FOREIGN KEY (`doctores_id`) REFERENCES `doctores` (`id`),
  ADD CONSTRAINT `fk_dochor_horario` FOREIGN KEY (`horario_id`) REFERENCES `horario` (`id`);

--
-- Filtros para la tabla `enfermero`
--
ALTER TABLE `enfermero`
  ADD CONSTRAINT `fk_enfermero_persona` FOREIGN KEY (`personas_id`) REFERENCES `personas` (`id`);

--
-- Filtros para la tabla `inventario`
--
ALTER TABLE `inventario`
  ADD CONSTRAINT `fk_inventario_movimientos` FOREIGN KEY (`movimientos_id`) REFERENCES `movimientos` (`id`),
  ADD CONSTRAINT `fk_inventario_productos` FOREIGN KEY (`productos_id`) REFERENCES `productos` (`id`);

--
-- Filtros para la tabla `movimientos`
--
ALTER TABLE `movimientos`
  ADD CONSTRAINT `fk_movimientos_abatecer` FOREIGN KEY (`abastecer_id`) REFERENCES `abastecer` (`id`),
  ADD CONSTRAINT `fk_movimientos_campania` FOREIGN KEY (`campania_id`) REFERENCES `campania` (`id`),
  ADD CONSTRAINT `fk_movimientos_recetas` FOREIGN KEY (`recetas_id`) REFERENCES `recetas` (`id`);

--
-- Filtros para la tabla `pacientes`
--
ALTER TABLE `pacientes`
  ADD CONSTRAINT `fk_pacientes_persona` FOREIGN KEY (`personas_id`) REFERENCES `personas` (`id`);

--
-- Filtros para la tabla `parroquias`
--
ALTER TABLE `parroquias`
  ADD CONSTRAINT `fk_parroquias_cantones` FOREIGN KEY (`cantones_id`) REFERENCES `cantones` (`id`);

--
-- Filtros para la tabla `permisos`
--
ALTER TABLE `permisos`
  ADD CONSTRAINT `fk_permiso_menu` FOREIGN KEY (`menus_id`) REFERENCES `menus` (`id`),
  ADD CONSTRAINT `fk_permiso_roles` FOREIGN KEY (`roles_id`) REFERENCES `roles` (`id`);

--
-- Filtros para la tabla `personas`
--
ALTER TABLE `personas`
  ADD CONSTRAINT `fk_persona_sexo` FOREIGN KEY (`sexo_id`) REFERENCES `sexo` (`id`);

--
-- Filtros para la tabla `productos`
--
ALTER TABLE `productos`
  ADD CONSTRAINT `fk_productos_categorias` FOREIGN KEY (`categorias_id`) REFERENCES `categorias` (`id`);

--
-- Filtros para la tabla `recetas`
--
ALTER TABLE `recetas`
  ADD CONSTRAINT `fk_recetas_citas` FOREIGN KEY (`citas_id`) REFERENCES `citas` (`id`);

--
-- Filtros para la tabla `usuarios`
--
ALTER TABLE `usuarios`
  ADD CONSTRAINT `fk_usuario_persona` FOREIGN KEY (`personas_id`) REFERENCES `personas` (`id`),
  ADD CONSTRAINT `fk_usuario_roles` FOREIGN KEY (`roles_id`) REFERENCES `roles` (`id`);
COMMIT;

/*!40101 SET CHARACTER_SET_CLIENT=@OLD_CHARACTER_SET_CLIENT */;
/*!40101 SET CHARACTER_SET_RESULTS=@OLD_CHARACTER_SET_RESULTS */;
/*!40101 SET COLLATION_CONNECTION=@OLD_COLLATION_CONNECTION */;
